Workbook
Name CeilCond: 'قوائم الخامات والبنود والوحدات'!$O$4:$O$28
Name CeilMat: 'قوائم الخامات والبنود والوحدات'!$G$4:$G$28
Name CeilUnit: 'قوائم الخامات والبنود والوحدات'!$H$4:$H$28
Name CL_Gross: 'حصر الأسقف'!$M$4:$M$303
Name CL_Mat: 'حصر الأسقف'!$D$4:$D$303
Name CL_Net: 'حصر الأسقف'!$M$4:$M$303
Name CL_Space: 'حصر الأسقف'!$B$4:$B$303
Name CL_Status: 'حصر الأسقف'!$R$4:$R$303
Name CL_Unit: 'حصر الأسقف'!$O$4:$O$303
Name FL_Gross: 'حصر الأرضيات'!$K$4:$K$303
Name FL_Mat: 'حصر الأرضيات'!$D$4:$D$303
Name FL_Net: 'حصر الأرضيات'!$K$4:$K$303
Name FL_Space: 'حصر الأرضيات'!$B$4:$B$303
Name FL_Status: 'حصر الأرضيات'!$P$4:$P$303
Name FL_Unit: 'حصر الأرضيات'!$M$4:$M$303
Name FloorMat: 'قوائم الخامات والبنود والوحدات'!$A$4:$A$28
Name FloorUnit: 'قوائم الخامات والبنود والوحدات'!$B$4:$B$28
Name Levels: 'قوائم الخامات والبنود والوحدات'!$N$4:$N$28
Name LinMat: 'قوائم الخامات والبنود والوحدات'!$E$4:$E$28
Name LinUnit: 'قوائم الخامات والبنود والوحدات'!$F$4:$F$28
Name LN_Auto: 'حصر الوزرات والبنود الطولية'!$L$4:$L$303
Name LN_AutoEff: 'حصر الوزرات والبنود الطولية'!$V$4:$V$303
Name LN_Ded: 'حصر الوزرات والبنود الطولية'!$N$4:$N$303
Name LN_Gross: 'حصر الوزرات والبنود الطولية'!$J$4:$J$303
Name LN_Mat: 'حصر الوزرات والبنود الطولية'!$D$4:$D$303
Name LN_Net: 'حصر الوزرات والبنود الطولية'!$O$4:$O$303
Name LN_Space: 'حصر الوزرات والبنود الطولية'!$B$4:$B$303
Name LN_Status: 'حصر الوزرات والبنود الطولية'!$S$4:$S$303
Name LN_Unit: 'حصر الوزرات والبنود الطولية'!$P$4:$P$303
Name Method: 'قوائم الخامات والبنود والوحدات'!$Q$4:$Q$28
Name OP_AppFin: 'حصر الفتحات والخصومات'!$O$4:$O$303
Name OP_AppPl: 'حصر الفتحات والخصومات'!$P$4:$P$303
Name OP_AppSk: 'حصر الفتحات والخصومات'!$Q$4:$Q$303
Name OP_Area: 'حصر الفتحات والخصومات'!$J$4:$J$303
Name OP_Code: 'حصر الفتحات والخصومات'!$B$4:$B$303
Name OP_DedFin: 'حصر الفتحات والخصومات'!$K$4:$K$303
Name OP_DedPl: 'حصر الفتحات والخصومات'!$M$4:$M$303
Name OP_DedSk: 'حصر الفتحات والخصومات'!$N$4:$N$303
Name OP_Space: 'حصر الفتحات والخصومات'!$C$4:$C$303
Name OP_Status: 'حصر الفتحات والخصومات'!$T$4:$T$303
Name OP_Target: 'حصر الفتحات والخصومات'!$L$4:$L$303
Name OP_Wall: 'حصر الفتحات والخصومات'!$E$4:$E$303
Name OP_Wtot: 'حصر الفتحات والخصومات'!$U$4:$U$303
Name OpenTypes: 'قوائم الخامات والبنود والوحدات'!$K$4:$K$28
Name PL_Auto: 'حصر اللياسة والمحارة'!$J$4:$J$403
Name PL_Ded: 'حصر اللياسة والمحارة'!$L$4:$L$403
Name PL_FacesEff: 'حصر اللياسة والمحارة'!$T$4:$T$403
Name PL_Gross: 'حصر اللياسة والمحارة'!$I$4:$I$403
Name PL_Mat: 'حصر اللياسة والمحارة'!$E$4:$E$403
Name PL_Net: 'حصر اللياسة والمحارة'!$M$4:$M$403
Name PL_Space: 'حصر اللياسة والمحارة'!$B$4:$B$403
Name PL_Status: 'حصر اللياسة والمحارة'!$Q$4:$Q$403
Name PL_Unit: 'حصر اللياسة والمحارة'!$N$4:$N$403
Name PL_Wall: 'حصر اللياسة والمحارة'!$D$4:$D$403
Name PlMat: 'قوائم الخامات والبنود والوحدات'!$I$4:$I$28
Name PlUnit: 'قوائم الخامات والبنود والوحدات'!$J$4:$J$28
Name RoomNames: 'قوائم الخامات والبنود والوحدات'!$P$4:$P$28
Name SpaceCodes: 'سجل الفراغات'!$B$4:$B$153
Name SpaceLevels: 'سجل الفراغات'!$D$4:$D$153
Name SpaceNames: 'سجل الفراغات'!$C$4:$C$153

Sheet تعليمات الاستخدام
A1: تعليمات استخدام ملف حصر كميات التشطيبات (Quantity Takeoff & BOQ)
A3: دلالة الألوان
B4: خلايا صفراء فاتحة = خلايا إدخال (اكتب أو اختر من القائمة المنسدلة).
B5: خلايا زرقاء فاتحة = معادلات تلقائية (مقفلة — لا تكتب فيها).
B6: الصف الثاني في كل ورقة حصر = إجمالي الصفوف الظاهرة بعد الفلتر، لوحدة واحدة فقط (لا تُجمع وحدات مختلفة).
A7: ترتيب العمل
A8: 1 | B8: املأ ورقة «بيانات المشروع».
A9: 2 | B9: سجّل كل غرفة/فراغ في «سجل الفراغات» بكود فريد (مثال: G-01 للدور الأرضي). الكود هو مفتاح الربط بين كل الأوراق.
A10: 3 | B10: راجع ورقة «القوائم»: أضف أي خامة أو بند جديد في الخانات الصفراء الفارغة مع وحدته، فيظهر تلقائيًا في القوائم المنسدلة والملخصات. تجنب الرمزين * و ? في أسماء الخامات (استخدم × بدلًا من *).
A11: 4 | B11: الأرضيات والأسقف: صف لكل جزء. أدخل الطول × العرض × التكرار، أو أدخل «المساحة المباشرة» المقاسة على الطبيعة (تُقدَّم على الأبعاد وتُضرب في التكرار؛ التكرار الفارغ = 1). الغرفة غير المنتظمة تُقسَّم إلى عدة صفوف بنفس كود الفراغ والخامة، وعمود «إجمالي الفراغ لنفس الخامة» يجمعها.
A12: 5 | B12: الحوائط: صف مستقل لكل حائط أو قطاع حائط بكود حائط (W1, W2 ...). المساحة تُحسب تلقائيًا = الطول × الارتفاع × التكرار. لإدخال مساحة مقاسة مباشرة اختر «يدوي» في عمود «طريقة الحساب» ثم اكتبها في «المساحة المباشرة» (لا تُستخدم مع «تلقائي»). إذا كان على الحائط أكثر من خامة (سيراميك سفلي + دهان علوي) فسجّل كل خامة في صف مستقل بنفس كود الحائط وبأبعادها الفعلية. عمود «خصم الفتحات من هذا السجل؟» = «لا» يوقف خصم الفتحات عن هذا السجل حسب طريقة الحصر المعتمدة.
A13: 6 | B13: الفتحات: صف لكل فتحة بكود فريد، مع كود الفراغ وكود الحائط الواقعة عليه. حدّد بوضوح (نعم/لا) هل تُخصم من: تشطيب الحوائط / اللياسة / الوزرات. الخانة الفارغة = لا تُخصم.
A14: 7 | B14: الوزرات والبنود الطولية: أدخل الطول المقاس مباشرة (أو محيط الفراغ)، أو أدخل طول وعرض الفراغ ليُحسب المحيط = 2×(الطول+العرض). اختر «نعم» في عمود الخصم التلقائي ليُخصم عرض الفتحات المحدد لها «خصم من الوزرات = نعم» في نفس الفراغ.
A15: 8 | B15: اللياسة والمحارة: صف لكل حائط مع عدد الأوجه (فارغ = 1). خصم الفتحة = مساحتها × عدد الأوجه.
A16: 9 | B16: راجع عمود «الحالة» في كل ورقة ثم الملخصين. استخدم الفلاتر في صف العناوين للبحث والتصفية.
A17: قواعد الخصم (لمنع تكرار الخصم)
A18: • | B18: الفتحة تُخصم من الحائط المطابق لها في كود الفراغ وكود الحائط معًا فقط، ولا تؤثر على الأرضيات أو الأسقف أو أي حائط آخر.
A19: • | B19: إذا كان للحائط سجل تشطيب واحد تُخصم منه الفتحة مباشرة. إذا كان له أكثر من خامة فيجب اختيار «الخامة المخصوم منها» في سجل الفتحة، وإلا لا تُخصم ويظهر تنبيه. الفتحة الممتدة على خامتين تُسجَّل كجزأين بكودين (مثال: D1-a و D1-b) بارتفاع كل جزء.
A20: • | B20: النوافذ لا تُخصم من الوزرات إلا إذا اخترت «نعم» صراحةً في عمود «خصم من الوزرات». الخصم التلقائي للوزرات يُطبَّق على أول سجل فقط في كل فراغ؛ وأي سجل آخر يُستخدم له «خصومات أخرى (يدوي)».
A21: • | B21: أعمدة «مخصوم فعليًا» في ورقة الفتحات تبيّن أين طُبِّق الخصم. وفحوص التطابق في ورقة ملخص البند والخامة تتأكد أن مجموع الخصومات = مجموع المخصوم فعليًا.
A22: منع التكرار
A23: • | B23: الصف المكرر (نفس الفراغ والخامة والوصف والأبعاد في الأرضيات/الأسقف/البنود الطولية، أو نفس الفراغ وكود الحائط والخامة في الحوائط/اللياسة، أو نفس كود الفتحة) لا يُحتسب وتظهر حالته «تكرار — غير محتسب». للأجزاء المتماثلة استخدم «عدد التكرارات» أو وصفًا مختلفًا.
A24: • | B24: للأجزاء المتداخلة: اختر «لا» في عمود «يُحتسب؟» لاستبعاد الجزء دون حذفه، واكتب السبب في الملاحظات، أو اختر «نعم» في «يحتاج مراجعة؟».
A25: حالات السجل
A26: • | B26: مكتمل / ناقص قياس / ناقص بيانات / يحتاج مراجعة / تكرار — غير محتسب / تنبيه خصم / خطأ خصم / مستبعد من الحصر. عدد السجلات غير المكتملة يظهر أعلى كل ورقة وفي الملخصات.
A27: الأسعار (اختياري)
A28: • | B28: في ورقة «ملخص الكميات حسب البند والخامة» أدخل سعر الوحدة لأي خامة ليُحسب إجمالي التكلفة. ترك السعر فارغًا لا يؤثر على الحصر الكمي.
A29: ملاحظات عامة
A30: • | B30: أوراق الحصر محمية بدون كلمة مرور لحماية المعادلات فقط. لإلغاء الحماية: مراجعة ← إلغاء حماية الورقة.
A31: • | B31: ورقة «مثال توضيحي» منفصلة تمامًا ولا تدخل في أي إجمالي. أوراق الحصر فارغة ولا تحتوي أي كميات افتراضية.
A32: • | B32: كل الأبعاد بالمتر. الصفوف المجهزة: 150 فراغًا، 300 صف للأرضيات/الفتحات/البنود الطولية/الأسقف، 400 صف للحوائط/اللياسة.

Sheet بيانات المشروع
A1: بيانات المشروع
A3: اسم المشروع
A4: المالك / العميل
A5: الموقع
A6: تاريخ الحصر
A7: القائم بالحصر
A8: المراجع / المعتمد
A9: طريقة الحصر
A10: رقم الإصدار / المراجعة
A11: العملة (للأسعار الاختيارية)
A12: ملاحظات عامة

Sheet سجل الفراغات
A1: سجل الفراغات — كود واسم كل غرفة أو فراغ
A2: ="عدد الفراغات المسجلة: "&COUNTA(B4:B153) -> عدد الفراغات المسجلة: 0
A3: م | B3: كود الفراغ (فريد) | C3: اسم الفراغ | D3: الدور | E3: ملاحظات | F3: الحالة
A4: 1 | F4: =IF(COUNTA(B4:E4)=0,"",IF(B4="","ناقص: الكود",IF(COUNTIF(SpaceCodes,B4)>1,"كود مكرر",IF(C4="","ناقص: الاسم","مسجل"))))
A5: 2 | F5: =IF(COUNTA(B5:E5)=0,"",IF(B5="","ناقص: الكود",IF(COUNTIF(SpaceCodes,B5)>1,"كود مكرر",IF(C5="","ناقص: الاسم","مسجل"))))
A6: 3 | F6: =IF(COUNTA(B6:E6)=0,"",IF(B6="","ناقص: الكود",IF(COUNTIF(SpaceCodes,B6)>1,"كود مكرر",IF(C6="","ناقص: الاسم","مسجل"))))
A7: 4 | F7: =IF(COUNTA(B7:E7)=0,"",IF(B7="","ناقص: الكود",IF(COUNTIF(SpaceCodes,B7)>1,"كود مكرر",IF(C7="","ناقص: الاسم","مسجل"))))
A8: 5 | F8: =IF(COUNTA(B8:E8)=0,"",IF(B8="","ناقص: الكود",IF(COUNTIF(SpaceCodes,B8)>1,"كود مكرر",IF(C8="","ناقص: الاسم","مسجل"))))
A9: 6 | F9: =IF(COUNTA(B9:E9)=0,"",IF(B9="","ناقص: الكود",IF(COUNTIF(SpaceCodes,B9)>1,"كود مكرر",IF(C9="","ناقص: الاسم","مسجل"))))
A10: 7 | F10: =IF(COUNTA(B10:E10)=0,"",IF(B10="","ناقص: الكود",IF(COUNTIF(SpaceCodes,B10)>1,"كود مكرر",IF(C10="","ناقص: الاسم","مسجل"))))
A11: 8 | F11: =IF(COUNTA(B11:E11)=0,"",IF(B11="","ناقص: الكود",IF(COUNTIF(SpaceCodes,B11)>1,"كود مكرر",IF(C11="","ناقص: الاسم","مسجل"))))
A12: 9 | F12: =IF(COUNTA(B12:E12)=0,"",IF(B12="","ناقص: الكود",IF(COUNTIF(SpaceCodes,B12)>1,"كود مكرر",IF(C12="","ناقص: الاسم","مسجل"))))
A13: 10 | F13: =IF(COUNTA(B13:E13)=0,"",IF(B13="","ناقص: الكود",IF(COUNTIF(SpaceCodes,B13)>1,"كود مكرر",IF(C13="","ناقص: الاسم","مسجل"))))
A14: 11 | F14: =IF(COUNTA(B14:E14)=0,"",IF(B14="","ناقص: الكود",IF(COUNTIF(SpaceCodes,B14)>1,"كود مكرر",IF(C14="","ناقص: الاسم","مسجل"))))
A15: 12 | F15: =IF(COUNTA(B15:E15)=0,"",IF(B15="","ناقص: الكود",IF(COUNTIF(SpaceCodes,B15)>1,"كود مكرر",IF(C15="","ناقص: الاسم","مسجل"))))
... A153: 150 | F153: =IF(COUNTA(B153:E153)=0,"",IF(B153="","ناقص: الكود",IF(COUNTIF(SpaceCodes,B153)>1,"كود مكرر",IF(C153="","ناقص: الاسم","مسجل"))))

Sheet حصر الأرضيات
A1: حصر الأرضيات — صف لكل جزء من أرضية الفراغ (الوحدة الأساسية: م²)
A2: إجمالي الصفوف الظاهرة بعد الفلتر (م² فقط) ← | K2: =SUMPRODUCT(SUBTOTAL(109,OFFSET(K$4,ROW(K$4:K$303)-ROW(K$4),0)),--(M$4:M$303="م²")) -> 0 | P2: ="غير مكتمل: "&(COUNTIF(P$4:P$303,"?*")-COUNTIF(P$4:P$303,"مكتمل")) -> غير مكتمل: 0
A3: م | B3: كود الفراغ | C3: اسم الفراغ | D3: نوع الخامة | E3: وصف الجزء | F3: الطول (م) | G3: العرض (م) | H3: عدد التكرارات (فارغ = 1) | I3: المساحة المباشرة (اختياري) | J3: يُحتسب؟ (فارغ = نعم) | K3: المساحة المحسوبة | L3: إجمالي الفراغ لنفس الخامة | M3: الوحدة | N3: يحتاج مراجعة؟ | O3: ملاحظات | P3: الحالة | Q3: مفتاح | R3: تكرار
A4: 1 | C4: =IF(B4="","",IFERROR(INDEX(SpaceNames,MATCH(B4,SpaceCodes,0))&"","")) | K4: =IF(Q4="","",IF(OR(J4="لا",R4=1),0,IF(I4<>"",I4*IF(H4="",1,H4),IF(AND(F4<>"",G4<>""),F4*G4*IF(H4="",1,H4),"")))) | L4: =IF(OR(Q4="",B4="",D4=""),"",SUMIFS(FL_Net,FL_Space,B4,FL_Mat,D4)) | M4: =IF(D4="","",IFERROR(IF(INDEX(FloorUnit,MATCH(D4,FloorMat,0))="","م²",INDEX(FloorUnit,MATCH(D4,FloorMat,0))),"م²")) | P4: =IF(Q4="","",IF(R4=1,"تكرار — غير محتسب",IF(B4="","ناقص بيانات: كود الفراغ",IF(COUNTIF(SpaceCodes,B4)=0,"ناقص بيانات: الفراغ غير مسجل",IF(D4="","ناقص بيانات: الخامة",IF(AND(I4="",OR(F4="",G4="")),"ناقص قياس",IF(J4="لا","مستبعد من الحصر",IF(N4="نعم","يحتاج مراجعة","مكتمل")))))))) | Q4: =IF(COUNTA(B4,D4:I4)=0,"",B4&"|"&D4&"|"&E4&"|"&F4&"|"&G4&"|"&I4) | R4: =IF(Q4="",0,IF(SUMPRODUCT(--(Q$4:Q4=Q4))>1,1,0)) -> 0
A5: 2 | C5: =IF(B5="","",IFERROR(INDEX(SpaceNames,MATCH(B5,SpaceCodes,0))&"","")) | K5: =IF(Q5="","",IF(OR(J5="لا",R5=1),0,IF(I5<>"",I5*IF(H5="",1,H5),IF(AND(F5<>"",G5<>""),F5*G5*IF(H5="",1,H5),"")))) | L5: =IF(OR(Q5="",B5="",D5=""),"",SUMIFS(FL_Net,FL_Space,B5,FL_Mat,D5)) | M5: =IF(D5="","",IFERROR(IF(INDEX(FloorUnit,MATCH(D5,FloorMat,0))="","م²",INDEX(FloorUnit,MATCH(D5,FloorMat,0))),"م²")) | P5: =IF(Q5="","",IF(R5=1,"تكرار — غير محتسب",IF(B5="","ناقص بيانات: كود الفراغ",IF(COUNTIF(SpaceCodes,B5)=0,"ناقص بيانات: الفراغ غير مسجل",IF(D5="","ناقص بيانات: الخامة",IF(AND(I5="",OR(F5="",G5="")),"ناقص قياس",IF(J5="لا","مستبعد من الحصر",IF(N5="نعم","يحتاج مراجعة","مكتمل")))))))) | Q5: =IF(COUNTA(B5,D5:I5)=0,"",B5&"|"&D5&"|"&E5&"|"&F5&"|"&G5&"|"&I5) | R5: =IF(Q5="",0,IF(SUMPRODUCT(--(Q$4:Q5=Q5))>1,1,0)) -> 0
A6: 3 | C6: =IF(B6="","",IFERROR(INDEX(SpaceNames,MATCH(B6,SpaceCodes,0))&"","")) | K6: =IF(Q6="","",IF(OR(J6="لا",R6=1),0,IF(I6<>"",I6*IF(H6="",1,H6),IF(AND(F6<>"",G6<>""),F6*G6*IF(H6="",1,H6),"")))) | L6: =IF(OR(Q6="",B6="",D6=""),"",SUMIFS(FL_Net,FL_Space,B6,FL_Mat,D6)) | M6: =IF(D6="","",IFERROR(IF(INDEX(FloorUnit,MATCH(D6,FloorMat,0))="","م²",INDEX(FloorUnit,MATCH(D6,FloorMat,0))),"م²")) | P6: =IF(Q6="","",IF(R6=1,"تكرار — غير محتسب",IF(B6="","ناقص بيانات: كود الفراغ",IF(COUNTIF(SpaceCodes,B6)=0,"ناقص بيانات: الفراغ غير مسجل",IF(D6="","ناقص بيانات: الخامة",IF(AND(I6="",OR(F6="",G6="")),"ناقص قياس",IF(J6="لا","مستبعد من الحصر",IF(N6="نعم","يحتاج مراجعة","مكتمل")))))))) | Q6: =IF(COUNTA(B6,D6:I6)=0,"",B6&"|"&D6&"|"&E6&"|"&F6&"|"&G6&"|"&I6) | R6: =IF(Q6="",0,IF(SUMPRODUCT(--(Q$4:Q6=Q6))>1,1,0)) -> 0
A7: 4 | C7: =IF(B7="","",IFERROR(INDEX(SpaceNames,MATCH(B7,SpaceCodes,0))&"","")) | K7: =IF(Q7="","",IF(OR(J7="لا",R7=1),0,IF(I7<>"",I7*IF(H7="",1,H7),IF(AND(F7<>"",G7<>""),F7*G7*IF(H7="",1,H7),"")))) | L7: =IF(OR(Q7="",B7="",D7=""),"",SUMIFS(FL_Net,FL_Space,B7,FL_Mat,D7)) | M7: =IF(D7="","",IFERROR(IF(INDEX(FloorUnit,MATCH(D7,FloorMat,0))="","م²",INDEX(FloorUnit,MATCH(D7,FloorMat,0))),"م²")) | P7: =IF(Q7="","",IF(R7=1,"تكرار — غير محتسب",IF(B7="","ناقص بيانات: كود الفراغ",IF(COUNTIF(SpaceCodes,B7)=0,"ناقص بيانات: الفراغ غير مسجل",IF(D7="","ناقص بيانات: الخامة",IF(AND(I7="",OR(F7="",G7="")),"ناقص قياس",IF(J7="لا","مستبعد من الحصر",IF(N7="نعم","يحتاج مراجعة","مكتمل")))))))) | Q7: =IF(COUNTA(B7,D7:I7)=0,"",B7&"|"&D7&"|"&E7&"|"&F7&"|"&G7&"|"&I7) | R7: =IF(Q7="",0,IF(SUMPRODUCT(--(Q$4:Q7=Q7))>1,1,0)) -> 0
A8: 5 | C8: =IF(B8="","",IFERROR(INDEX(SpaceNames,MATCH(B8,SpaceCodes,0))&"","")) | K8: =IF(Q8="","",IF(OR(J8="لا",R8=1),0,IF(I8<>"",I8*IF(H8="",1,H8),IF(AND(F8<>"",G8<>""),F8*G8*IF(H8="",1,H8),"")))) | L8: =IF(OR(Q8="",B8="",D8=""),"",SUMIFS(FL_Net,FL_Space,B8,FL_Mat,D8)) | M8: =IF(D8="","",IFERROR(IF(INDEX(FloorUnit,MATCH(D8,FloorMat,0))="","م²",INDEX(FloorUnit,MATCH(D8,FloorMat,0))),"م²")) | P8: =IF(Q8="","",IF(R8=1,"تكرار — غير محتسب",IF(B8="","ناقص بيانات: كود الفراغ",IF(COUNTIF(SpaceCodes,B8)=0,"ناقص بيانات: الفراغ غير مسجل",IF(D8="","ناقص بيانات: الخامة",IF(AND(I8="",OR(F8="",G8="")),"ناقص قياس",IF(J8="لا","مستبعد من الحصر",IF(N8="نعم","يحتاج مراجعة","مكتمل")))))))) | Q8: =IF(COUNTA(B8,D8:I8)=0,"",B8&"|"&D8&"|"&E8&"|"&F8&"|"&G8&"|"&I8) | R8: =IF(Q8="",0,IF(SUMPRODUCT(--(Q$4:Q8=Q8))>1,1,0)) -> 0
A9: 6 | C9: =IF(B9="","",IFERROR(INDEX(SpaceNames,MATCH(B9,SpaceCodes,0))&"","")) | K9: =IF(Q9="","",IF(OR(J9="لا",R9=1),0,IF(I9<>"",I9*IF(H9="",1,H9),IF(AND(F9<>"",G9<>""),F9*G9*IF(H9="",1,H9),"")))) | L9: =IF(OR(Q9="",B9="",D9=""),"",SUMIFS(FL_Net,FL_Space,B9,FL_Mat,D9)) | M9: =IF(D9="","",IFERROR(IF(INDEX(FloorUnit,MATCH(D9,FloorMat,0))="","م²",INDEX(FloorUnit,MATCH(D9,FloorMat,0))),"م²")) | P9: =IF(Q9="","",IF(R9=1,"تكرار — غير محتسب",IF(B9="","ناقص بيانات: كود الفراغ",IF(COUNTIF(SpaceCodes,B9)=0,"ناقص بيانات: الفراغ غير مسجل",IF(D9="","ناقص بيانات: الخامة",IF(AND(I9="",OR(F9="",G9="")),"ناقص قياس",IF(J9="لا","مستبعد من الحصر",IF(N9="نعم","يحتاج مراجعة","مكتمل")))))))) | Q9: =IF(COUNTA(B9,D9:I9)=0,"",B9&"|"&D9&"|"&E9&"|"&F9&"|"&G9&"|"&I9) | R9: =IF(Q9="",0,IF(SUMPRODUCT(--(Q$4:Q9=Q9))>1,1,0)) -> 0
A10: 7 | C10: =IF(B10="","",IFERROR(INDEX(SpaceNames,MATCH(B10,SpaceCodes,0))&"","")) | K10: =IF(Q10="","",IF(OR(J10="لا",R10=1),0,IF(I10<>"",I10*IF(H10="",1,H10),IF(AND(F10<>"",G10<>""),F10*G10*IF(H10="",1,H10),"")))) | L10: =IF(OR(Q10="",B10="",D10=""),"",SUMIFS(FL_Net,FL_Space,B10,FL_Mat,D10)) | M10: =IF(D10="","",IFERROR(IF(INDEX(FloorUnit,MATCH(D10,FloorMat,0))="","م²",INDEX(FloorUnit,MATCH(D10,FloorMat,0))),"م²")) | P10: =IF(Q10="","",IF(R10=1,"تكرار — غير محتسب",IF(B10="","ناقص بيانات: كود الفراغ",IF(COUNTIF(SpaceCodes,B10)=0,"ناقص بيانات: الفراغ غير مسجل",IF(D10="","ناقص بيانات: الخامة",IF(AND(I10="",OR(F10="",G10="")),"ناقص قياس",IF(J10="لا","مستبعد من الحصر",IF(N10="نعم","يحتاج مراجعة","مكتمل")))))))) | Q10: =IF(COUNTA(B10,D10:I10)=0,"",B10&"|"&D10&"|"&E10&"|"&F10&"|"&G10&"|"&I10) | R10: =IF(Q10="",0,IF(SUMPRODUCT(--(Q$4:Q10=Q10))>1,1,0)) -> 0
A11: 8 | C11: =IF(B11="","",IFERROR(INDEX(SpaceNames,MATCH(B11,SpaceCodes,0))&"","")) | K11: =IF(Q11="","",IF(OR(J11="لا",R11=1),0,IF(I11<>"",I11*IF(H11="",1,H11),IF(AND(F11<>"",G11<>""),F11*G11*IF(H11="",1,H11),"")))) | L11: =IF(OR(Q11="",B11="",D11=""),"",SUMIFS(FL_Net,FL_Space,B11,FL_Mat,D11)) | M11: =IF(D11="","",IFERROR(IF(INDEX(FloorUnit,MATCH(D11,FloorMat,0))="","م²",INDEX(FloorUnit,MATCH(D11,FloorMat,0))),"م²")) | P11: =IF(Q11="","",IF(R11=1,"تكرار — غير محتسب",IF(B11="","ناقص بيانات: كود الفراغ",IF(COUNTIF(SpaceCodes,B11)=0,"ناقص بيانات: الفراغ غير مسجل",IF(D11="","ناقص بيانات: الخامة",IF(AND(I11="",OR(F11="",G11="")),"ناقص قياس",IF(J11="لا","مستبعد من الحصر",IF(N11="نعم","يحتاج مراجعة","مكتمل")))))))) | Q11: =IF(COUNTA(B11,D11:I11)=0,"",B11&"|"&D11&"|"&E11&"|"&F11&"|"&G11&"|"&I11) | R11: =IF(Q11="",0,IF(SUMPRODUCT(--(Q$4:Q11=Q11))>1,1,0)) -> 0
A12: 9 | C12: =IF(B12="","",IFERROR(INDEX(SpaceNames,MATCH(B12,SpaceCodes,0))&"","")) | K12: =IF(Q12="","",IF(OR(J12="لا",R12=1),0,IF(I12<>"",I12*IF(H12="",1,H12),IF(AND(F12<>"",G12<>""),F12*G12*IF(H12="",1,H12),"")))) | L12: =IF(OR(Q12="",B12="",D12=""),"",SUMIFS(FL_Net,FL_Space,B12,FL_Mat,D12)) | M12: =IF(D12="","",IFERROR(IF(INDEX(FloorUnit,MATCH(D12,FloorMat,0))="","م²",INDEX(FloorUnit,MATCH(D12,FloorMat,0))),"م²")) | P12: =IF(Q12="","",IF(R12=1,"تكرار — غير محتسب",IF(B12="","ناقص بيانات: كود الفراغ",IF(COUNTIF(SpaceCodes,B12)=0,"ناقص بيانات: الفراغ غير مسجل",IF(D12="","ناقص بيانات: الخامة",IF(AND(I12="",OR(F12="",G12="")),"ناقص قياس",IF(J12="لا","مستبعد من الحصر",IF(N12="نعم","يحتاج مراجعة","مكتمل")))))))) | Q12: =IF(COUNTA(B12,D12:I12)=0,"",B12&"|"&D12&"|"&E12&"|"&F12&"|"&G12&"|"&I12) | R12: =IF(Q12="",0,IF(SUMPRODUCT(--(Q$4:Q12=Q12))>1,1,0)) -> 0
A13: 10 | C13: =IF(B13="","",IFERROR(INDEX(SpaceNames,MATCH(B13,SpaceCodes,0))&"","")) | K13: =IF(Q13="","",IF(OR(J13="لا",R13=1),0,IF(I13<>"",I13*IF(H13="",1,H13),IF(AND(F13<>"",G13<>""),F13*G13*IF(H13="",1,H13),"")))) | L13: =IF(OR(Q13="",B13="",D13=""),"",SUMIFS(FL_Net,FL_Space,B13,FL_Mat,D13)) | M13: =IF(D13="","",IFERROR(IF(INDEX(FloorUnit,MATCH(D13,FloorMat,0))="","م²",INDEX(FloorUnit,MATCH(D13,FloorMat,0))),"م²")) | P13: =IF(Q13="","",IF(R13=1,"تكرار — غير محتسب",IF(B13="","ناقص بيانات: كود الفراغ",IF(COUNTIF(SpaceCodes,B13)=0,"ناقص بيانات: الفراغ غير مسجل",IF(D13="","ناقص بيانات: الخامة",IF(AND(I13="",OR(F13="",G13="")),"ناقص قياس",IF(J13="لا","مستبعد من الحصر",IF(N13="نعم","يحتاج مراجعة","مكتمل")))))))) | Q13: =IF(COUNTA(B13,D13:I13)=0,"",B13&"|"&D13&"|"&E13&"|"&F13&"|"&G13&"|"&I13) | R13: =IF(Q13="",0,IF(SUMPRODUCT(--(Q$4:Q13=Q13))>1,1,0)) -> 0
A14: 11 | C14: =IF(B14="","",IFERROR(INDEX(SpaceNames,MATCH(B14,SpaceCodes,0))&"","")) | K14: =IF(Q14="","",IF(OR(J14="لا",R14=1),0,IF(I14<>"",I14*IF(H14="",1,H14),IF(AND(F14<>"",G14<>""),F14*G14*IF(H14="",1,H14),"")))) | L14: =IF(OR(Q14="",B14="",D14=""),"",SUMIFS(FL_Net,FL_Space,B14,FL_Mat,D14)) | M14: =IF(D14="","",IFERROR(IF(INDEX(FloorUnit,MATCH(D14,FloorMat,0))="","م²",INDEX(FloorUnit,MATCH(D14,FloorMat,0))),"م²")) | P14: =IF(Q14="","",IF(R14=1,"تكرار — غير محتسب",IF(B14="","ناقص بيانات: كود الفراغ",IF(COUNTIF(SpaceCodes,B14)=0,"ناقص بيانات: الفراغ غير مسجل",IF(D14="","ناقص بيانات: الخامة",IF(AND(I14="",OR(F14="",G14="")),"ناقص قياس",IF(J14="لا","مستبعد من الحصر",IF(N14="نعم","يحتاج مراجعة","مكتمل")))))))) | Q14: =IF(COUNTA(B14,D14:I14)=0,"",B14&"|"&D14&"|"&E14&"|"&F14&"|"&G14&"|"&I14) | R14: =IF(Q14="",0,IF(SUMPRODUCT(--(Q$4:Q14=Q14))>1,1,0)) -> 0
A15: 12 | C15: =IF(B15="","",IFERROR(INDEX(SpaceNames,MATCH(B15,SpaceCodes,0))&"","")) | K15: =IF(Q15="","",IF(OR(J15="لا",R15=1),0,IF(I15<>"",I15*IF(H15="",1,H15),IF(AND(F15<>"",G15<>""),F15*G15*IF(H15="",1,H15),"")))) | L15: =IF(OR(Q15="",B15="",D15=""),"",SUMIFS(FL_Net,FL_Space,B15,FL_Mat,D15)) | M15: =IF(D15="","",IFERROR(IF(INDEX(FloorUnit,MATCH(D15,FloorMat,0))="","م²",INDEX(FloorUnit,MATCH(D15,FloorMat,0))),"م²")) | P15: =IF(Q15="","",IF(R15=1,"تكرار — غير محتسب",IF(B15="","ناقص بيانات: كود الفراغ",IF(COUNTIF(SpaceCodes,B15)=0,"ناقص بيانات: الفراغ غير مسجل",IF(D15="","ناقص بيانات: الخامة",IF(AND(I15="",OR(F15="",G15="")),"ناقص قياس",IF(J15="لا","مستبعد من الحصر",IF(N15="نعم","يحتاج مراجعة","مكتمل")))))))) | Q15: =IF(COUNTA(B15,D15:I15)=0,"",B15&"|"&D15&"|"&E15&"|"&F15&"|"&G15&"|"&I15) | R15: =IF(Q15="",0,IF(SUMPRODUCT(--(Q$4:Q15=Q15))>1,1,0)) -> 0
... A303: 300 | C303: =IF(B303="","",IFERROR(INDEX(SpaceNames,MATCH(B303,SpaceCodes,0))&"","")) | K303: =IF(Q303="","",IF(OR(J303="لا",R303=1),0,IF(I303<>"",I303*IF(H303="",1,H303),IF(AND(F303<>"",G303<>""),F303*G303*IF(H303="",1,H303),"")))) | L303: =IF(OR(Q303="",B303="",D303=""),"",SUMIFS(FL_Net,FL_Space,B303,FL_Mat,D303)) | M303: =IF(D303="","",IFERROR(IF(INDEX(FloorUnit,MATCH(D303,FloorMat,0))="","م²",INDEX(FloorUnit,MATCH(D303,FloorMat,0))),"م²")) | P303: =IF(Q303="","",IF(R303=1,"تكرار — غير محتسب",IF(B303="","ناقص بيانات: كود الفراغ",IF(COUNTIF(SpaceCodes,B303)=0,"ناقص بيانات: الفراغ غير مسجل",IF(D303="","ناقص بيانات: الخامة",IF(AND(I303="",OR(F303="",G303="")),"ناقص قياس",IF(J303="لا","مستبعد من الحصر",IF(N303="نعم","يحتاج مراجعة","مكتمل")))))))) | Q303: =IF(COUNTA(B303,D303:I303)=0,"",B303&"|"&D303&"|"&E303&"|"&F303&"|"&G303&"|"&I303) | R303: =IF(Q303="",0,IF(SUMPRODUCT(--(Q$4:Q303=Q303))>1,1,0)) -> 0

Sheet حصر الحوائط والتشطيبات الرأسية
A1: حصر الحوائط والتشطيبات الرأسية — صف لكل حائط/قطاع ولكل خامة
A2: إجمالي الصفوف الظاهرة بعد الفلتر (م² فقط) ← | K2: =SUMPRODUCT(SUBTOTAL(109,OFFSET(K$4,ROW(K$4:K$403)-ROW(K$4),0)),--(Q$4:Q$403="م²")) -> 0 | O2: =SUMPRODUCT(SUBTOTAL(109,OFFSET(O$4,ROW(O$4:O$403)-ROW(O$4),0)),--(Q$4:Q$403="م²")) -> 0 | P2: =SUMPRODUCT(SUBTOTAL(109,OFFSET(P$4,ROW(P$4:P$403)-ROW(P$4),0)),--(Q$4:Q$403="م²")) -> 0 | T2: ="غير مكتمل: "&(COUNTIF(T$4:T$403,"?*")-COUNTIF(T$4:T$403,"مكتمل")) -> غير مكتمل: 0
A3: م | B3: كود الفراغ | C3: اسم الفراغ | D3: كود الحائط أو القطاع | E3: نوع الخامة / التشطيب | F3: طول الحائط (م) | G3: ارتفاع التشطيب (م) | H3: عدد التكرارات (فارغ = 1) | I3: طريقة الحساب (فارغ = تلقائي) | J3: المساحة المباشرة (للطريقة اليدوية) | K3: المساحة الإجمالية (محسوبة) | L3: خصم الفتحات من هذا السجل؟ (فارغ = نعم) | M3: خصم فتحات هذا الحائط (تلقائي) | N3: خصومات أخرى (يدوي) | O3: إجمالي الخصومات | P3: المساحة الصافية | Q3: الوحدة | R3: يحتاج مراجعة؟ | S3: ملاحظات | T3: الحالة | U3: مفتاح | V3: تكرار | W3: عدد سجلات الحائط | X3: الخصم مفعل
A4: 1 | C4: =IF(B4="","",IFERROR(INDEX(SpaceNames,MATCH(B4,SpaceCodes,0))&"","")) | K4: =IF(U4="","",IF(V4=1,0,IF(I4="يدوي",IF(J4<>"",J4*IF(H4="",1,H4),""),IF(AND(F4<>"",G4<>""),F4*G4*IF(H4="",1,H4),"")))) | M4: =IF(U4="","",IF(OR(X4=0,B4="",D4=""),0,IF(E4="",0,SUMIFS(OP_Area,OP_Space,B4,OP_Wall,D4,OP_DedFin,"نعم",OP_Target,E4))+IF(W4=1,SUMIFS(OP_Area,OP_Space,B4,OP_Wall,D4,OP_DedFin,"نعم",OP_Target,""),0))) | O4: =IF(OR(U4="",K4=""),"",N(M4)+N(N4)) | P4: =IF(OR(U4="",K4=""),"",K4-O4) | Q4: =IF(E4="","",IFERROR(IF(INDEX(WallUnit,MATCH(E4,WallMat,0))="","م²",INDEX(WallUnit,MATCH(E4,WallMat,0))),"م²")) | T4: =IF(U4="","",IF(V4=1,"تكرار — غير محتسب",IF(B4="","ناقص بيانات: كود الفراغ",IF(COUNTIF(SpaceCodes,B4)=0,"ناقص بيانات: الفراغ غير مسجل",IF(D4="","ناقص بيانات: كود الحائط",IF(E4="","ناقص بيانات: الخامة",IF(AND(K4="",I4="يدوي"),"ناقص قياس: أدخل المساحة المباشرة",IF(AND(K4="",J4<>""),"ناقص قياس: اختر «يدوي» أو أدخل الطول والارتفاع",IF(K4="","ناقص قياس",IF(O4>K4+0.000001,"خطأ خصم: الخصم أكبر من الإجمالي",IF(R4="نعم","يحتاج مراجعة","مكتمل"))))))))))) | U4: =IF(COUNTA(B4,D4:J4,N4)=0,"",B4&"|"&D4&"|"&E4) | V4: =IF(OR(U4="",D4=""),0,IF(SUMPRODUCT(--(U$4:U4=U4))>1,1,0)) -> 0 | W4: =IF(OR(U4="",B4="",D4=""),0,COUNTIFS(WL_Space,B4,WL_Wall,D4,WL_Dup,0)) -> 0 | X4: =IF(OR(U4="",V4=1,L4="لا"),0,1) -> 0
A5: 2 | C5: =IF(B5="","",IFERROR(INDEX(SpaceNames,MATCH(B5,SpaceCodes,0))&"","")) | K5: =IF(U5="","",IF(V5=1,0,IF(I5="يدوي",IF(J5<>"",J5*IF(H5="",1,H5),""),IF(AND(F5<>"",G5<>""),F5*G5*IF(H5="",1,H5),"")))) | M5: =IF(U5="","",IF(OR(X5=0,B5="",D5=""),0,IF(E5="",0,SUMIFS(OP_Area,OP_Space,B5,OP_Wall,D5,OP_DedFin,"نعم",OP_Target,E5))+IF(W5=1,SUMIFS(OP_Area,OP_Space,B5,OP_Wall,D5,OP_DedFin,"نعم",OP_Target,""),0))) | O5: =IF(OR(U5="",K5=""),"",N(M5)+N(N5)) | P5: =IF(OR(U5="",K5=""),"",K5-O5) | Q5: =IF(E5="","",IFERROR(IF(INDEX(WallUnit,MATCH(E5,WallMat,0))="","م²",INDEX(WallUnit,MATCH(E5,WallMat,0))),"م²")) | T5: =IF(U5="","",IF(V5=1,"تكرار — غير محتسب",IF(B5="","ناقص بيانات: كود الفراغ",IF(COUNTIF(SpaceCodes,B5)=0,"ناقص بيانات: الفراغ غير مسجل",IF(D5="","ناقص بيانات: كود الحائط",IF(E5="","ناقص بيانات: الخامة",IF(AND(K5="",I5="يدوي"),"ناقص قياس: أدخل المساحة المباشرة",IF(AND(K5="",J5<>""),"ناقص قياس: اختر «يدوي» أو أدخل الطول والارتفاع",IF(K5="","ناقص قياس",IF(O5>K5+0.000001,"خطأ خصم: الخصم أكبر من الإجمالي",IF(R5="نعم","يحتاج مراجعة","مكتمل"))))))))))) | U5: =IF(COUNTA(B5,D5:J5,N5)=0,"",B5&"|"&D5&"|"&E5) | V5: =IF(OR(U5="",D5=""),0,IF(SUMPRODUCT(--(U$4:U5=U5))>1,1,0)) -> 0 | W5: =IF(OR(U5="",B5="",D5=""),0,COUNTIFS(WL_Space,B5,WL_Wall,D5,WL_Dup,0)) -> 0 | X5: =IF(OR(U5="",V5=1,L5="لا"),0,1) -> 0
A6: 3 | C6: =IF(B6="","",IFERROR(INDEX(SpaceNames,MATCH(B6,SpaceCodes,0))&"","")) | K6: =IF(U6="","",IF(V6=1,0,IF(I6="يدوي",IF(J6<>"",J6*IF(H6="",1,H6),""),IF(AND(F6<>"",G6<>""),F6*G6*IF(H6="",1,H6),"")))) | M6: =IF(U6="","",IF(OR(X6=0,B6="",D6=""),0,IF(E6="",0,SUMIFS(OP_Area,OP_Space,B6,OP_Wall,D6,OP_DedFin,"نعم",OP_Target,E6))+IF(W6=1,SUMIFS(OP_Area,OP_Space,B6,OP_Wall,D6,OP_DedFin,"نعم",OP_Target,""),0))) | O6: =IF(OR(U6="",K6=""),"",N(M6)+N(N6)) | P6: =IF(OR(U6="",K6=""),"",K6-O6) | Q6: =IF(E6="","",IFERROR(IF(INDEX(WallUnit,MATCH(E6,WallMat,0))="","م²",INDEX(WallUnit,MATCH(E6,WallMat,0))),"م²")) | T6: =IF(U6="","",IF(V6=1,"تكرار — غير محتسب",IF(B6="","ناقص بيانات: كود الفراغ",IF(COUNTIF(SpaceCodes,B6)=0,"ناقص بيانات: الفراغ غير مسجل",IF(D6="","ناقص بيانات: كود الحائط",IF(E6="","ناقص بيانات: الخامة",IF(AND(K6="",I6="يدوي"),"ناقص قياس: أدخل المساحة المباشرة",IF(AND(K6="",J6<>""),"ناقص قياس: اختر «يدوي» أو أدخل الطول والارتفاع",IF(K6="","ناقص قياس",IF(O6>K6+0.000001,"خطأ خصم: الخصم أكبر من الإجمالي",IF(R6="نعم","يحتاج مراجعة","مكتمل"))))))))))) | U6: =IF(COUNTA(B6,D6:J6,N6)=0,"",B6&"|"&D6&"|"&E6) | V6: =IF(OR(U6="",D6=""),0,IF(SUMPRODUCT(--(U$4:U6=U6))>1,1,0)) -> 0 | W6: =IF(OR(U6="",B6="",D6=""),0,COUNTIFS(WL_Space,B6,WL_Wall,D6,WL_Dup,0)) -> 0 | X6: =IF(OR(U6="",V6=1,L6="لا"),0,1) -> 0
A7: 4 | C7: =IF(B7="","",IFERROR(INDEX(SpaceNames,MATCH(B7,SpaceCodes,0))&"","")) | K7: =IF(U7="","",IF(V7=1,0,IF(I7="يدوي",IF(J7<>"",J7*IF(H7="",1,H7),""),IF(AND(F7<>"",G7<>""),F7*G7*IF(H7="",1,H7),"")))) | M7: =IF(U7="","",IF(OR(X7=0,B7="",D7=""),0,IF(E7="",0,SUMIFS(OP_Area,OP_Space,B7,OP_Wall,D7,OP_DedFin,"نعم",OP_Target,E7))+IF(W7=1,SUMIFS(OP_Area,OP_Space,B7,OP_Wall,D7,OP_DedFin,"نعم",OP_Target,""),0))) | O7: =IF(OR(U7="",K7=""),"",N(M7)+N(N7)) | P7: =IF(OR(U7="",K7=""),"",K7-O7) | Q7: =IF(E7="","",IFERROR(IF(INDEX(WallUnit,MATCH(E7,WallMat,0))="","م²",INDEX(WallUnit,MATCH(E7,WallMat,0))),"م²")) | T7: =IF(U7="","",IF(V7=1,"تكرار — غير محتسب",IF(B7="","ناقص بيانات: كود الفراغ",IF(COUNTIF(SpaceCodes,B7)=0,"ناقص بيانات: الفراغ غير مسجل",IF(D7="","ناقص بيانات: كود الحائط",IF(E7="","ناقص بيانات: الخامة",IF(AND(K7="",I7="يدوي"),"ناقص قياس: أدخل المساحة المباشرة",IF(AND(K7="",J7<>""),"ناقص قياس: اختر «يدوي» أو أدخل الطول والارتفاع",IF(K7="","ناقص قياس",IF(O7>K7+0.000001,"خطأ خصم: الخصم أكبر من الإجمالي",IF(R7="نعم","يحتاج مراجعة","مكتمل"))))))))))) | U7: =IF(COUNTA(B7,D7:J7,N7)=0,"",B7&"|"&D7&"|"&E7) | V7: =IF(OR(U7="",D7=""),0,IF(SUMPRODUCT(--(U$4:U7=U7))>1,1,0)) -> 0 | W7: =IF(OR(U7="",B7="",D7=""),0,COUNTIFS(WL_Space,B7,WL_Wall,D7,WL_Dup,0)) -> 0 | X7: =IF(OR(U7="",V7=1,L7="لا"),0,1) -> 0
A8: 5 | C8: =IF(B8="","",IFERROR(INDEX(SpaceNames,MATCH(B8,SpaceCodes,0))&"","")) | K8: =IF(U8="","",IF(V8=1,0,IF(I8="يدوي",IF(J8<>"",J8*IF(H8="",1,H8),""),IF(AND(F8<>"",G8<>""),F8*G8*IF(H8="",1,H8),"")))) | M8: =IF(U8="","",IF(OR(X8=0,B8="",D8=""),0,IF(E8="",0,SUMIFS(OP_Area,OP_Space,B8,OP_Wall,D8,OP_DedFin,"نعم",OP_Target,E8))+IF(W8=1,SUMIFS(OP_Area,OP_Space,B8,OP_Wall,D8,OP_DedFin,"نعم",OP_Target,""),0))) | O8: =IF(OR(U8="",K8=""),"",N(M8)+N(N8)) | P8: =IF(OR(U8="",K8=""),"",K8-O8) | Q8: =IF(E8="","",IFERROR(IF(INDEX(WallUnit,MATCH(E8,WallMat,0))="","م²",INDEX(WallUnit,MATCH(E8,WallMat,0))),"م²")) | T8: =IF(U8="","",IF(V8=1,"تكرار — غير محتسب",IF(B8="","ناقص بيانات: كود الفراغ",IF(COUNTIF(SpaceCodes,B8)=0,"ناقص بيانات: الفراغ غير مسجل",IF(D8="","ناقص بيانات: كود الحائط",IF(E8="","ناقص بيانات: الخامة",IF(AND(K8="",I8="يدوي"),"ناقص قياس: أدخل المساحة المباشرة",IF(AND(K8="",J8<>""),"ناقص قياس: اختر «يدوي» أو أدخل الطول والارتفاع",IF(K8="","ناقص قياس",IF(O8>K8+0.000001,"خطأ خصم: الخصم أكبر من الإجمالي",IF(R8="نعم","يحتاج مراجعة","مكتمل"))))))))))) | U8: =IF(COUNTA(B8,D8:J8,N8)=0,"",B8&"|"&D8&"|"&E8) | V8: =IF(OR(U8="",D8=""),0,IF(SUMPRODUCT(--(U$4:U8=U8))>1,1,0)) -> 0 | W8: =IF(OR(U8="",B8="",D8=""),0,COUNTIFS(WL_Space,B8,WL_Wall,D8,WL_Dup,0)) -> 0 | X8: =IF(OR(U8="",V8=1,L8="لا"),0,1) -> 0
A9: 6 | C9: =IF(B9="","",IFERROR(INDEX(SpaceNames,MATCH(B9,SpaceCodes,0))&"","")) | K9: =IF(U9="","",IF(V9=1,0,IF(I9="يدوي",IF(J9<>"",J9*IF(H9="",1,H9),""),IF(AND(F9<>"",G9<>""),F9*G9*IF(H9="",1,H9),"")))) | M9: =IF(U9="","",IF(OR(X9=0,B9="",D9=""),0,IF(E9="",0,SUMIFS(OP_Area,OP_Space,B9,OP_Wall,D9,OP_DedFin,"نعم",OP_Target,E9))+IF(W9=1,SUMIFS(OP_Area,OP_Space,B9,OP_Wall,D9,OP_DedFin,"نعم",OP_Target,""),0))) | O9: =IF(OR(U9="",K9=""),"",N(M9)+N(N9)) | P9: =IF(OR(U9="",K9=""),"",K9-O9) | Q9: =IF(E9="","",IFERROR(IF(INDEX(WallUnit,MATCH(E9,WallMat,0))="","م²",INDEX(WallUnit,MATCH(E9,WallMat,0))),"م²")) | T9: =IF(U9="","",IF(V9=1,"تكرار — غير محتسب",IF(B9="","ناقص بيانات: كود الفراغ",IF(COUNTIF(SpaceCodes,B9)=0,"ناقص بيانات: الفراغ غير مسجل",IF(D9="","ناقص بيانات: كود الحائط",IF(E9="","ناقص بيانات: الخامة",IF(AND(K9="",I9="يدوي"),"ناقص قياس: أدخل المساحة المباشرة",IF(AND(K9="",J9<>""),"ناقص قياس: اختر «يدوي» أو أدخل الطول والارتفاع",IF(K9="","ناقص قياس",IF(O9>K9+0.000001,"خطأ خصم: الخصم أكبر من الإجمالي",IF(R9="نعم","يحتاج مراجعة","مكتمل"))))))))))) | U9: =IF(COUNTA(B9,D9:J9,N9)=0,"",B9&"|"&D9&"|"&E9) | V9: =IF(OR(U9="",D9=""),0,IF(SUMPRODUCT(--(U$4:U9=U9))>1,1,0)) -> 0 | W9: =IF(OR(U9="",B9="",D9=""),0,COUNTIFS(WL_Space,B9,WL_Wall,D9,WL_Dup,0)) -> 0 | X9: =IF(OR(U9="",V9=1,L9="لا"),0,1) -> 0
A10: 7 | C10: =IF(B10="","",IFERROR(INDEX(SpaceNames,MATCH(B10,SpaceCodes,0))&"","")) | K10: =IF(U10="","",IF(V10=1,0,IF(I10="يدوي",IF(J10<>"",J10*IF(H10="",1,H10),""),IF(AND(F10<>"",G10<>""),F10*G10*IF(H10="",1,H10),"")))) | M10: =IF(U10="","",IF(OR(X10=0,B10="",D10=""),0,IF(E10="",0,SUMIFS(OP_Area,OP_Space,B10,OP_Wall,D10,OP_DedFin,"نعم",OP_Target,E10))+IF(W10=1,SUMIFS(OP_Area,OP_Space,B10,OP_Wall,D10,OP_DedFin,"نعم",OP_Target,""),0))) | O10: =IF(OR(U10="",K10=""),"",N(M10)+N(N10)) | P10: =IF(OR(U10="",K10=""),"",K10-O10) | Q10: =IF(E10="","",IFERROR(IF(INDEX(WallUnit,MATCH(E10,WallMat,0))="","م²",INDEX(WallUnit,MATCH(E10,WallMat,0))),"م²")) | T10: =IF(U10="","",IF(V10=1,"تكرار — غير محتسب",IF(B10="","ناقص بيانات: كود الفراغ",IF(COUNTIF(SpaceCodes,B10)=0,"ناقص بيانات: الفراغ غير مسجل",IF(D10="","ناقص بيانات: كود الحائط",IF(E10="","ناقص بيانات: الخامة",IF(AND(K10="",I10="يدوي"),"ناقص قياس: أدخل المساحة المباشرة",IF(AND(K10="",J10<>""),"ناقص قياس: اختر «يدوي» أو أدخل الطول والارتفاع",IF(K10="","ناقص قياس",IF(O10>K10+0.000001,"خطأ خصم: الخصم أكبر من الإجمالي",IF(R10="نعم","يحتاج مراجعة","مكتمل"))))))))))) | U10: =IF(COUNTA(B10,D10:J10,N10)=0,"",B10&"|"&D10&"|"&E10) | V10: =IF(OR(U10="",D10=""),0,IF(SUMPRODUCT(--(U$4:U10=U10))>1,1,0)) -> 0 | W10: =IF(OR(U10="",B10="",D10=""),0,COUNTIFS(WL_Space,B10,WL_Wall,D10,WL_Dup,0)) -> 0 | X10: =IF(OR(U10="",V10=1,L10="لا"),0,1) -> 0
A11: 8 | C11: =IF(B11="","",IFERROR(INDEX(SpaceNames,MATCH(B11,SpaceCodes,0))&"","")) | K11: =IF(U11="","",IF(V11=1,0,IF(I11="يدوي",IF(J11<>"",J11*IF(H11="",1,H11),""),IF(AND(F11<>"",G11<>""),F11*G11*IF(H11="",1,H11),"")))) | M11: =IF(U11="","",IF(OR(X11=0,B11="",D11=""),0,IF(E11="",0,SUMIFS(OP_Area,OP_Space,B11,OP_Wall,D11,OP_DedFin,"نعم",OP_Target,E11))+IF(W11=1,SUMIFS(OP_Area,OP_Space,B11,OP_Wall,D11,OP_DedFin,"نعم",OP_Target,""),0))) | O11: =IF(OR(U11="",K11=""),"",N(M11)+N(N11)) | P11: =IF(OR(U11="",K11=""),"",K11-O11) | Q11: =IF(E11="","",IFERROR(IF(INDEX(WallUnit,MATCH(E11,WallMat,0))="","م²",INDEX(WallUnit,MATCH(E11,WallMat,0))),"م²")) | T11: =IF(U11="","",IF(V11=1,"تكرار — غير محتسب",IF(B11="","ناقص بيانات: كود الفراغ",IF(COUNTIF(SpaceCodes,B11)=0,"ناقص بيانات: الفراغ غير مسجل",IF(D11="","ناقص بيانات: كود الحائط",IF(E11="","ناقص بيانات: الخامة",IF(AND(K11="",I11="يدوي"),"ناقص قياس: أدخل المساحة المباشرة",IF(AND(K11="",J11<>""),"ناقص قياس: اختر «يدوي» أو أدخل الطول والارتفاع",IF(K11="","ناقص قياس",IF(O11>K11+0.000001,"خطأ خصم: الخصم أكبر من الإجمالي",IF(R11="نعم","يحتاج مراجعة","مكتمل"))))))))))) | U11: =IF(COUNTA(B11,D11:J11,N11)=0,"",B11&"|"&D11&"|"&E11) | V11: =IF(OR(U11="",D11=""),0,IF(SUMPRODUCT(--(U$4:U11=U11))>1,1,0)) -> 0 | W11: =IF(OR(U11="",B11="",D11=""),0,COUNTIFS(WL_Space,B11,WL_Wall,D11,WL_Dup,0)) -> 0 | X11: =IF(OR(U11="",V11=1,L11="لا"),0,1) -> 0
A12: 9 | C12: =IF(B12="","",IFERROR(INDEX(SpaceNames,MATCH(B12,SpaceCodes,0))&"","")) | K12: =IF(U12="","",IF(V12=1,0,IF(I12="يدوي",IF(J12<>"",J12*IF(H12="",1,H12),""),IF(AND(F12<>"",G12<>""),F12*G12*IF(H12="",1,H12),"")))) | M12: =IF(U12="","",IF(OR(X12=0,B12="",D12=""),0,IF(E12="",0,SUMIFS(OP_Area,OP_Space,B12,OP_Wall,D12,OP_DedFin,"نعم",OP_Target,E12))+IF(W12=1,SUMIFS(OP_Area,OP_Space,B12,OP_Wall,D12,OP_DedFin,"نعم",OP_Target,""),0))) | O12: =IF(OR(U12="",K12=""),"",N(M12)+N(N12)) | P12: =IF(OR(U12="",K12=""),"",K12-O12) | Q12: =IF(E12="","",IFERROR(IF(INDEX(WallUnit,MATCH(E12,WallMat,0))="","م²",INDEX(WallUnit,MATCH(E12,WallMat,0))),"م²")) | T12: =IF(U12="","",IF(V12=1,"تكرار — غير محتسب",IF(B12="","ناقص بيانات: كود الفراغ",IF(COUNTIF(SpaceCodes,B12)=0,"ناقص بيانات: الفراغ غير مسجل",IF(D12="","ناقص بيانات: كود الحائط",IF(E12="","ناقص بيانات: الخامة",IF(AND(K12="",I12="يدوي"),"ناقص قياس: أدخل المساحة المباشرة",IF(AND(K12="",J12<>""),"ناقص قياس: اختر «يدوي» أو أدخل الطول والارتفاع",IF(K12="","ناقص قياس",IF(O12>K12+0.000001,"خطأ خصم: الخصم أكبر من الإجمالي",IF(R12="نعم","يحتاج مراجعة","مكتمل"))))))))))) | U12: =IF(COUNTA(B12,D12:J12,N12)=0,"",B12&"|"&D12&"|"&E12) | V12: =IF(OR(U12="",D12=""),0,IF(SUMPRODUCT(--(U$4:U12=U12))>1,1,0)) -> 0 | W12: =IF(OR(U12="",B12="",D12=""),0,COUNTIFS(WL_Space,B12,WL_Wall,D12,WL_Dup,0)) -> 0 | X12: =IF(OR(U12="",V12=1,L12="لا"),0,1) -> 0
A13: 10 | C13: =IF(B13="","",IFERROR(INDEX(SpaceNames,MATCH(B13,SpaceCodes,0))&"","")) | K13: =IF(U13="","",IF(V13=1,0,IF(I13="يدوي",IF(J13<>"",J13*IF(H13="",1,H13),""),IF(AND(F13<>"",G13<>""),F13*G13*IF(H13="",1,H13),"")))) | M13: =IF(U13="","",IF(OR(X13=0,B13="",D13=""),0,IF(E13="",0,SUMIFS(OP_Area,OP_Space,B13,OP_Wall,D13,OP_DedFin,"نعم",OP_Target,E13))+IF(W13=1,SUMIFS(OP_Area,OP_Space,B13,OP_Wall,D13,OP_DedFin,"نعم",OP_Target,""),0))) | O13: =IF(OR(U13="",K13=""),"",N(M13)+N(N13)) | P13: =IF(OR(U13="",K13=""),"",K13-O13) | Q13: =IF(E13="","",IFERROR(IF(INDEX(WallUnit,MATCH(E13,WallMat,0))="","م²",INDEX(WallUnit,MATCH(E13,WallMat,0))),"م²")) | T13: =IF(U13="","",IF(V13=1,"تكرار — غير محتسب",IF(B13="","ناقص بيانات: كود الفراغ",IF(COUNTIF(SpaceCodes,B13)=0,"ناقص بيانات: الفراغ غير مسجل",IF(D13="","ناقص بيانات: كود الحائط",IF(E13="","ناقص بيانات: الخامة",IF(AND(K13="",I13="يدوي"),"ناقص قياس: أدخل المساحة المباشرة",IF(AND(K13="",J13<>""),"ناقص قياس: اختر «يدوي» أو أدخل الطول والارتفاع",IF(K13="","ناقص قياس",IF(O13>K13+0.000001,"خطأ خصم: الخصم أكبر من الإجمالي",IF(R13="نعم","يحتاج مراجعة","مكتمل"))))))))))) | U13: =IF(COUNTA(B13,D13:J13,N13)=0,"",B13&"|"&D13&"|"&E13) | V13: =IF(OR(U13="",D13=""),0,IF(SUMPRODUCT(--(U$4:U13=U13))>1,1,0)) -> 0 | W13: =IF(OR(U13="",B13="",D13=""),0,COUNTIFS(WL_Space,B13,WL_Wall,D13,WL_Dup,0)) -> 0 | X13: =IF(OR(U13="",V13=1,L13="لا"),0,1) -> 0
A14: 11 | C14: =IF(B14="","",IFERROR(INDEX(SpaceNames,MATCH(B14,SpaceCodes,0))&"","")) | K14: =IF(U14="","",IF(V14=1,0,IF(I14="يدوي",IF(J14<>"",J14*IF(H14="",1,H14),""),IF(AND(F14<>"",G14<>""),F14*G14*IF(H14="",1,H14),"")))) | M14: =IF(U14="","",IF(OR(X14=0,B14="",D14=""),0,IF(E14="",0,SUMIFS(OP_Area,OP_Space,B14,OP_Wall,D14,OP_DedFin,"نعم",OP_Target,E14))+IF(W14=1,SUMIFS(OP_Area,OP_Space,B14,OP_Wall,D14,OP_DedFin,"نعم",OP_Target,""),0))) | O14: =IF(OR(U14="",K14=""),"",N(M14)+N(N14)) | P14: =IF(OR(U14="",K14=""),"",K14-O14) | Q14: =IF(E14="","",IFERROR(IF(INDEX(WallUnit,MATCH(E14,WallMat,0))="","م²",INDEX(WallUnit,MATCH(E14,WallMat,0))),"م²")) | T14: =IF(U14="","",IF(V14=1,"تكرار — غير محتسب",IF(B14="","ناقص بيانات: كود الفراغ",IF(COUNTIF(SpaceCodes,B14)=0,"ناقص بيانات: الفراغ غير مسجل",IF(D14="","ناقص بيانات: كود الحائط",IF(E14="","ناقص بيانات: الخامة",IF(AND(K14="",I14="يدوي"),"ناقص قياس: أدخل المساحة المباشرة",IF(AND(K14="",J14<>""),"ناقص قياس: اختر «يدوي» أو أدخل الطول والارتفاع",IF(K14="","ناقص قياس",IF(O14>K14+0.000001,"خطأ خصم: الخصم أكبر من الإجمالي",IF(R14="نعم","يحتاج مراجعة","مكتمل"))))))))))) | U14: =IF(COUNTA(B14,D14:J14,N14)=0,"",B14&"|"&D14&"|"&E14) | V14: =IF(OR(U14="",D14=""),0,IF(SUMPRODUCT(--(U$4:U14=U14))>1,1,0)) -> 0 | W14: =IF(OR(U14="",B14="",D14=""),0,COUNTIFS(WL_Space,B14,WL_Wall,D14,WL_Dup,0)) -> 0 | X14: =IF(OR(U14="",V14=1,L14="لا"),0,1) -> 0
A15: 12 | C15: =IF(B15="","",IFERROR(INDEX(SpaceNames,MATCH(B15,SpaceCodes,0))&"","")) | K15: =IF(U15="","",IF(V15=1,0,IF(I15="يدوي",IF(J15<>"",J15*IF(H15="",1,H15),""),IF(AND(F15<>"",G15<>""),F15*G15*IF(H15="",1,H15),"")))) | M15: =IF(U15="","",IF(OR(X15=0,B15="",D15=""),0,IF(E15="",0,SUMIFS(OP_Area,OP_Space,B15,OP_Wall,D15,OP_DedFin,"نعم",OP_Target,E15))+IF(W15=1,SUMIFS(OP_Area,OP_Space,B15,OP_Wall,D15,OP_DedFin,"نعم",OP_Target,""),0))) | O15: =IF(OR(U15="",K15=""),"",N(M15)+N(N15)) | P15: =IF(OR(U15="",K15=""),"",K15-O15) | Q15: =IF(E15="","",IFERROR(IF(INDEX(WallUnit,MATCH(E15,WallMat,0))="","م²",INDEX(WallUnit,MATCH(E15,WallMat,0))),"م²")) | T15: =IF(U15="","",IF(V15=1,"تكرار — غير محتسب",IF(B15="","ناقص بيانات: كود الفراغ",IF(COUNTIF(SpaceCodes,B15)=0,"ناقص بيانات: الفراغ غير مسجل",IF(D15="","ناقص بيانات: كود الحائط",IF(E15="","ناقص بيانات: الخامة",IF(AND(K15="",I15="يدوي"),"ناقص قياس: أدخل المساحة المباشرة",IF(AND(K15="",J15<>""),"ناقص قياس: اختر «يدوي» أو أدخل الطول والارتفاع",IF(K15="","ناقص قياس",IF(O15>K15+0.000001,"خطأ خصم: الخصم أكبر من الإجمالي",IF(R15="نعم","يحتاج مراجعة","مكتمل"))))))))))) | U15: =IF(COUNTA(B15,D15:J15,N15)=0,"",B15&"|"&D15&"|"&E15) | V15: =IF(OR(U15="",D15=""),0,IF(SUMPRODUCT(--(U$4:U15=U15))>1,1,0)) -> 0 | W15: =IF(OR(U15="",B15="",D15=""),0,COUNTIFS(WL_Space,B15,WL_Wall,D15,WL_Dup,0)) -> 0 | X15: =IF(OR(U15="",V15=1,L15="لا"),0,1) -> 0
... A403: 400 | C403: =IF(B403="","",IFERROR(INDEX(SpaceNames,MATCH(B403,SpaceCodes,0))&"","")) | K403: =IF(U403="","",IF(V403=1,0,IF(I403="يدوي",IF(J403<>"",J403*IF(H403="",1,H403),""),IF(AND(F403<>"",G403<>""),F403*G403*IF(H403="",1,H403),"")))) | M403: =IF(U403="","",IF(OR(X403=0,B403="",D403=""),0,IF(E403="",0,SUMIFS(OP_Area,OP_Space,B403,OP_Wall,D403,OP_DedFin,"نعم",OP_Target,E403))+IF(W403=1,SUMIFS(OP_Area,OP_Space,B403,OP_Wall,D403,OP_DedFin,"نعم",OP_Target,""),0))) | O403: =IF(OR(U403="",K403=""),"",N(M403)+N(N403)) | P403: =IF(OR(U403="",K403=""),"",K403-O403) | Q403: =IF(E403="","",IFERROR(IF(INDEX(WallUnit,MATCH(E403,WallMat,0))="","م²",INDEX(WallUnit,MATCH(E403,WallMat,0))),"م²")) | T403: =IF(U403="","",IF(V403=1,"تكرار — غير محتسب",IF(B403="","ناقص بيانات: كود الفراغ",IF(COUNTIF(SpaceCodes,B403)=0,"ناقص بيانات: الفراغ غير مسجل",IF(D403="","ناقص بيانات: كود الحائط",IF(E403="","ناقص بيانات: الخامة",IF(AND(K403="",I403="يدوي"),"ناقص قياس: أدخل المساحة المباشرة",IF(AND(K403="",J403<>""),"ناقص قياس: اختر «يدوي» أو أدخل الطول والارتفاع",IF(K403="","ناقص قياس",IF(O403>K403+0.000001,"خطأ خصم: الخصم أكبر من الإجمالي",IF(R403="نعم","يحتاج مراجعة","مكتمل"))))))))))) | U403: =IF(COUNTA(B403,D403:J403,N403)=0,"",B403&"|"&D403&"|"&E403) | V403: =IF(OR(U403="",D403=""),0,IF(SUMPRODUCT(--(U$4:U403=U403))>1,1,0)) -> 0 | W403: =IF(OR(U403="",B403="",D403=""),0,COUNTIFS(WL_Space,B403,WL_Wall,D403,WL_Dup,0)) -> 0 | X403: =IF(OR(U403="",V403=1,L403="لا"),0,1) -> 0

Sheet حصر الفتحات والخصومات
A1: حصر الفتحات والخصومات — صف لكل فتحة، وتُخصم من الحائط المحدد لها فقط
A2: إجمالي الصفوف الظاهرة بعد الفلتر ← | J2: =SUBTOTAL(109,J$4:J$303) -> 0 | O2: =SUBTOTAL(109,O$4:O$303) -> 0 | P2: =SUBTOTAL(109,P$4:P$303) -> 0 | Q2: =SUBTOTAL(109,Q$4:Q$303) -> 0 | T2: ="غير مكتمل: "&(COUNTIF(T$4:T$303,"?*")-COUNTIF(T$4:T$303,"مكتمل")) -> غير مكتمل: 0
A3: م | B3: كود الفتحة (فريد) | C3: كود الفراغ | D3: اسم الفراغ | E3: كود الحائط الواقعة عليه | F3: نوع الفتحة | G3: العرض (م) | H3: الارتفاع (م) | I3: العدد (فارغ = 1) | J3: مساحة الفتحة (م²) | K3: خصم من تشطيب الحوائط؟ | L3: الخامة المخصوم منها (عند تعدد خامات الحائط) | M3: خصم من اللياسة؟ | N3: خصم من الوزرات؟ | O3: مخصوم فعليًا من التشطيب (م²) | P3: مخصوم فعليًا من اللياسة (م²) | Q3: مخصوم فعليًا من الوزرات (م.ط) | R3: يحتاج مراجعة؟ | S3: ملاحظات | T3: الحالة | U3: عرض إجمالي | V3: تكرار | W3: بدأ
A4: 1 | D4: =IF(C4="","",IFERROR(INDEX(SpaceNames,MATCH(C4,SpaceCodes,0))&"","")) | J4: =IF(W4=0,"",IF(V4=1,0,IF(AND(G4<>"",H4<>""),G4*H4*IF(I4="",1,I4),""))) | O4: =IF(OR(W4=0,J4=""),"",IF(OR(K4<>"نعم",C4="",E4=""),0,IF(L4<>"",IF(COUNTIFS(WL_Space,C4,WL_Wall,E4,WL_Mat,L4,WL_DedOn,1)>0,J4,0),IF(AND(COUNTIFS(WL_Space,C4,WL_Wall,E4,WL_Dup,0)=1,COUNTIFS(WL_Space,C4,WL_Wall,E4,WL_DedOn,1)=1),J4,0)))) | P4: =IF(OR(W4=0,J4=""),"",IF(OR(M4<>"نعم",C4="",E4=""),0,J4*SUMIFS(PL_FacesEff,PL_Space,C4,PL_Wall,E4))) | Q4: =IF(W4=0,"",IF(OR(N4<>"نعم",C4=""),0,IF(COUNTIFS(LN_Space,C4,LN_AutoEff,1)>0,U4,0))) | T4: =IF(W4=0,"",IF(B4="","ناقص بيانات: كود الفتحة",IF(V4=1,"تكرار كود الفتحة — غير محتسب",IF(C4="","ناقص بيانات: كود الفراغ",IF(COUNTIF(SpaceCodes,C4)=0,"ناقص بيانات: الفراغ غير مسجل",IF(E4="","ناقص بيانات: كود الحائط",IF(J4="","ناقص قياس",IF(AND(K4="",M4="",N4=""),"ناقص بيانات: حدد خيارات الخصم (نعم/لا)",IF(AND(K4="نعم",N(O4)=0,L4="",COUNTIFS(WL_Space,C4,WL_Wall,E4,WL_Dup,0)>1),"تنبيه خصم: للحائط أكثر من خامة — حدد الخامة المخصوم منها",IF(AND(K4="نعم",N(O4)=0,IF(L4="",COUNTIFS(WL_Space,C4,WL_Wall,E4,WL_Dup,0),COUNTIFS(WL_Space,C4,WL_Wall,E4,WL_Mat,L4,WL_Dup,0))>0),"تنبيه خصم: خصم الفتحات موقوف («لا») في سجل الحائط",IF(AND(K4="نعم",N(O4)=0),"تنبيه خصم: الحائط/الخامة غير مسجلة في حصر الحوائط",IF(AND(M4="نعم",N(P4)=0),"تنبيه خصم: الحائط غير مسجل في حصر اللياسة",IF(AND(N4="نعم",N(Q4)=0),"تنبيه خصم: لا يوجد سجل وزرات بخصم تلقائي للفراغ",IF(R4="نعم","يحتاج مراجعة","مكتمل")))))))))))))) | U4: =IF(OR(W4=0,V4=1,G4=""),0,G4*IF(I4="",1,I4)) -> 0 | V4: =IF(B4="",0,IF(SUMPRODUCT(--(B$4:B4=B4))>1,1,0)) -> 0 | W4: =IF(COUNTA(B4:C4,E4:I4,K4:N4)=0,0,1) -> 0
A5: 2 | D5: =IF(C5="","",IFERROR(INDEX(SpaceNames,MATCH(C5,SpaceCodes,0))&"","")) | J5: =IF(W5=0,"",IF(V5=1,0,IF(AND(G5<>"",H5<>""),G5*H5*IF(I5="",1,I5),""))) | O5: =IF(OR(W5=0,J5=""),"",IF(OR(K5<>"نعم",C5="",E5=""),0,IF(L5<>"",IF(COUNTIFS(WL_Space,C5,WL_Wall,E5,WL_Mat,L5,WL_DedOn,1)>0,J5,0),IF(AND(COUNTIFS(WL_Space,C5,WL_Wall,E5,WL_Dup,0)=1,COUNTIFS(WL_Space,C5,WL_Wall,E5,WL_DedOn,1)=1),J5,0)))) | P5: =IF(OR(W5=0,J5=""),"",IF(OR(M5<>"نعم",C5="",E5=""),0,J5*SUMIFS(PL_FacesEff,PL_Space,C5,PL_Wall,E5))) | Q5: =IF(W5=0,"",IF(OR(N5<>"نعم",C5=""),0,IF(COUNTIFS(LN_Space,C5,LN_AutoEff,1)>0,U5,0))) | T5: =IF(W5=0,"",IF(B5="","ناقص بيانات: كود الفتحة",IF(V5=1,"تكرار كود الفتحة — غير محتسب",IF(C5="","ناقص بيانات: كود الفراغ",IF(COUNTIF(SpaceCodes,C5)=0,"ناقص بيانات: الفراغ غير مسجل",IF(E5="","ناقص بيانات: كود الحائط",IF(J5="","ناقص قياس",IF(AND(K5="",M5="",N5=""),"ناقص بيانات: حدد خيارات الخصم (نعم/لا)",IF(AND(K5="نعم",N(O5)=0,L5="",COUNTIFS(WL_Space,C5,WL_Wall,E5,WL_Dup,0)>1),"تنبيه خصم: للحائط أكثر من خامة — حدد الخامة المخصوم منها",IF(AND(K5="نعم",N(O5)=0,IF(L5="",COUNTIFS(WL_Space,C5,WL_Wall,E5,WL_Dup,0),COUNTIFS(WL_Space,C5,WL_Wall,E5,WL_Mat,L5,WL_Dup,0))>0),"تنبيه خصم: خصم الفتحات موقوف («لا») في سجل الحائط",IF(AND(K5="نعم",N(O5)=0),"تنبيه خصم: الحائط/الخامة غير مسجلة في حصر الحوائط",IF(AND(M5="نعم",N(P5)=0),"تنبيه خصم: الحائط غير مسجل في حصر اللياسة",IF(AND(N5="نعم",N(Q5)=0),"تنبيه خصم: لا يوجد سجل وزرات بخصم تلقائي للفراغ",IF(R5="نعم","يحتاج مراجعة","مكتمل")))))))))))))) | U5: =IF(OR(W5=0,V5=1,G5=""),0,G5*IF(I5="",1,I5)) -> 0 | V5: =IF(B5="",0,IF(SUMPRODUCT(--(B$4:B5=B5))>1,1,0)) -> 0 | W5: =IF(COUNTA(B5:C5,E5:I5,K5:N5)=0,0,1) -> 0
A6: 3 | D6: =IF(C6="","",IFERROR(INDEX(SpaceNames,MATCH(C6,SpaceCodes,0))&"","")) | J6: =IF(W6=0,"",IF(V6=1,0,IF(AND(G6<>"",H6<>""),G6*H6*IF(I6="",1,I6),""))) | O6: =IF(OR(W6=0,J6=""),"",IF(OR(K6<>"نعم",C6="",E6=""),0,IF(L6<>"",IF(COUNTIFS(WL_Space,C6,WL_Wall,E6,WL_Mat,L6,WL_DedOn,1)>0,J6,0),IF(AND(COUNTIFS(WL_Space,C6,WL_Wall,E6,WL_Dup,0)=1,COUNTIFS(WL_Space,C6,WL_Wall,E6,WL_DedOn,1)=1),J6,0)))) | P6: =IF(OR(W6=0,J6=""),"",IF(OR(M6<>"نعم",C6="",E6=""),0,J6*SUMIFS(PL_FacesEff,PL_Space,C6,PL_Wall,E6))) | Q6: =IF(W6=0,"",IF(OR(N6<>"نعم",C6=""),0,IF(COUNTIFS(LN_Space,C6,LN_AutoEff,1)>0,U6,0))) | T6: =IF(W6=0,"",IF(B6="","ناقص بيانات: كود الفتحة",IF(V6=1,"تكرار كود الفتحة — غير محتسب",IF(C6="","ناقص بيانات: كود الفراغ",IF(COUNTIF(SpaceCodes,C6)=0,"ناقص بيانات: الفراغ غير مسجل",IF(E6="","ناقص بيانات: كود الحائط",IF(J6="","ناقص قياس",IF(AND(K6="",M6="",N6=""),"ناقص بيانات: حدد خيارات الخصم (نعم/لا)",IF(AND(K6="نعم",N(O6)=0,L6="",COUNTIFS(WL_Space,C6,WL_Wall,E6,WL_Dup,0)>1),"تنبيه خصم: للحائط أكثر من خامة — حدد الخامة المخصوم منها",IF(AND(K6="نعم",N(O6)=0,IF(L6="",COUNTIFS(WL_Space,C6,WL_Wall,E6,WL_Dup,0),COUNTIFS(WL_Space,C6,WL_Wall,E6,WL_Mat,L6,WL_Dup,0))>0),"تنبيه خصم: خصم الفتحات موقوف («لا») في سجل الحائط",IF(AND(K6="نعم",N(O6)=0),"تنبيه خصم: الحائط/الخامة غير مسجلة في حصر الحوائط",IF(AND(M6="نعم",N(P6)=0),"تنبيه خصم: الحائط غير مسجل في حصر اللياسة",IF(AND(N6="نعم",N(Q6)=0),"تنبيه خصم: لا يوجد سجل وزرات بخصم تلقائي للفراغ",IF(R6="نعم","يحتاج مراجعة","مكتمل")))))))))))))) | U6: =IF(OR(W6=0,V6=1,G6=""),0,G6*IF(I6="",1,I6)) -> 0 | V6: =IF(B6="",0,IF(SUMPRODUCT(--(B$4:B6=B6))>1,1,0)) -> 0 | W6: =IF(COUNTA(B6:C6,E6:I6,K6:N6)=0,0,1) -> 0
A7: 4 | D7: =IF(C7="","",IFERROR(INDEX(SpaceNames,MATCH(C7,SpaceCodes,0))&"","")) | J7: =IF(W7=0,"",IF(V7=1,0,IF(AND(G7<>"",H7<>""),G7*H7*IF(I7="",1,I7),""))) | O7: =IF(OR(W7=0,J7=""),"",IF(OR(K7<>"نعم",C7="",E7=""),0,IF(L7<>"",IF(COUNTIFS(WL_Space,C7,WL_Wall,E7,WL_Mat,L7,WL_DedOn,1)>0,J7,0),IF(AND(COUNTIFS(WL_Space,C7,WL_Wall,E7,WL_Dup,0)=1,COUNTIFS(WL_Space,C7,WL_Wall,E7,WL_DedOn,1)=1),J7,0)))) | P7: =IF(OR(W7=0,J7=""),"",IF(OR(M7<>"نعم",C7="",E7=""),0,J7*SUMIFS(PL_FacesEff,PL_Space,C7,PL_Wall,E7))) | Q7: =IF(W7=0,"",IF(OR(N7<>"نعم",C7=""),0,IF(COUNTIFS(LN_Space,C7,LN_AutoEff,1)>0,U7,0))) | T7: =IF(W7=0,"",IF(B7="","ناقص بيانات: كود الفتحة",IF(V7=1,"تكرار كود الفتحة — غير محتسب",IF(C7="","ناقص بيانات: كود الفراغ",IF(COUNTIF(SpaceCodes,C7)=0,"ناقص بيانات: الفراغ غير مسجل",IF(E7="","ناقص بيانات: كود الحائط",IF(J7="","ناقص قياس",IF(AND(K7="",M7="",N7=""),"ناقص بيانات: حدد خيارات الخصم (نعم/لا)",IF(AND(K7="نعم",N(O7)=0,L7="",COUNTIFS(WL_Space,C7,WL_Wall,E7,WL_Dup,0)>1),"تنبيه خصم: للحائط أكثر من خامة — حدد الخامة المخصوم منها",IF(AND(K7="نعم",N(O7)=0,IF(L7="",COUNTIFS(WL_Space,C7,WL_Wall,E7,WL_Dup,0),COUNTIFS(WL_Space,C7,WL_Wall,E7,WL_Mat,L7,WL_Dup,0))>0),"تنبيه خصم: خصم الفتحات موقوف («لا») في سجل الحائط",IF(AND(K7="نعم",N(O7)=0),"تنبيه خصم: الحائط/الخامة غير مسجلة في حصر الحوائط",IF(AND(M7="نعم",N(P7)=0),"تنبيه خصم: الحائط غير مسجل في حصر اللياسة",IF(AND(N7="نعم",N(Q7)=0),"تنبيه خصم: لا يوجد سجل وزرات بخصم تلقائي للفراغ",IF(R7="نعم","يحتاج مراجعة","مكتمل")))))))))))))) | U7: =IF(OR(W7=0,V7=1,G7=""),0,G7*IF(I7="",1,I7)) -> 0 | V7: =IF(B7="",0,IF(SUMPRODUCT(--(B$4:B7=B7))>1,1,0)) -> 0 | W7: =IF(COUNTA(B7:C7,E7:I7,K7:N7)=0,0,1) -> 0
A8: 5 | D8: =IF(C8="","",IFERROR(INDEX(SpaceNames,MATCH(C8,SpaceCodes,0))&"","")) | J8: =IF(W8=0,"",IF(V8=1,0,IF(AND(G8<>"",H8<>""),G8*H8*IF(I8="",1,I8),""))) | O8: =IF(OR(W8=0,J8=""),"",IF(OR(K8<>"نعم",C8="",E8=""),0,IF(L8<>"",IF(COUNTIFS(WL_Space,C8,WL_Wall,E8,WL_Mat,L8,WL_DedOn,1)>0,J8,0),IF(AND(COUNTIFS(WL_Space,C8,WL_Wall,E8,WL_Dup,0)=1,COUNTIFS(WL_Space,C8,WL_Wall,E8,WL_DedOn,1)=1),J8,0)))) | P8: =IF(OR(W8=0,J8=""),"",IF(OR(M8<>"نعم",C8="",E8=""),0,J8*SUMIFS(PL_FacesEff,PL_Space,C8,PL_Wall,E8))) | Q8: =IF(W8=0,"",IF(OR(N8<>"نعم",C8=""),0,IF(COUNTIFS(LN_Space,C8,LN_AutoEff,1)>0,U8,0))) | T8: =IF(W8=0,"",IF(B8="","ناقص بيانات: كود الفتحة",IF(V8=1,"تكرار كود الفتحة — غير محتسب",IF(C8="","ناقص بيانات: كود الفراغ",IF(COUNTIF(SpaceCodes,C8)=0,"ناقص بيانات: الفراغ غير مسجل",IF(E8="","ناقص بيانات: كود الحائط",IF(J8="","ناقص قياس",IF(AND(K8="",M8="",N8=""),"ناقص بيانات: حدد خيارات الخصم (نعم/لا)",IF(AND(K8="نعم",N(O8)=0,L8="",COUNTIFS(WL_Space,C8,WL_Wall,E8,WL_Dup,0)>1),"تنبيه خصم: للحائط أكثر من خامة — حدد الخامة المخصوم منها",IF(AND(K8="نعم",N(O8)=0,IF(L8="",COUNTIFS(WL_Space,C8,WL_Wall,E8,WL_Dup,0),COUNTIFS(WL_Space,C8,WL_Wall,E8,WL_Mat,L8,WL_Dup,0))>0),"تنبيه خصم: خصم الفتحات موقوف («لا») في سجل الحائط",IF(AND(K8="نعم",N(O8)=0),"تنبيه خصم: الحائط/الخامة غير مسجلة في حصر الحوائط",IF(AND(M8="نعم",N(P8)=0),"تنبيه خصم: الحائط غير مسجل في حصر اللياسة",IF(AND(N8="نعم",N(Q8)=0),"تنبيه خصم: لا يوجد سجل وزرات بخصم تلقائي للفراغ",IF(R8="نعم","يحتاج مراجعة","مكتمل")))))))))))))) | U8: =IF(OR(W8=0,V8=1,G8=""),0,G8*IF(I8="",1,I8)) -> 0 | V8: =IF(B8="",0,IF(SUMPRODUCT(--(B$4:B8=B8))>1,1,0)) -> 0 | W8: =IF(COUNTA(B8:C8,E8:I8,K8:N8)=0,0,1) -> 0
A9: 6 | D9: =IF(C9="","",IFERROR(INDEX(SpaceNames,MATCH(C9,SpaceCodes,0))&"","")) | J9: =IF(W9=0,"",IF(V9=1,0,IF(AND(G9<>"",H9<>""),G9*H9*IF(I9="",1,I9),""))) | O9: =IF(OR(W9=0,J9=""),"",IF(OR(K9<>"نعم",C9="",E9=""),0,IF(L9<>"",IF(COUNTIFS(WL_Space,C9,WL_Wall,E9,WL_Mat,L9,WL_DedOn,1)>0,J9,0),IF(AND(COUNTIFS(WL_Space,C9,WL_Wall,E9,WL_Dup,0)=1,COUNTIFS(WL_Space,C9,WL_Wall,E9,WL_DedOn,1)=1),J9,0)))) | P9: =IF(OR(W9=0,J9=""),"",IF(OR(M9<>"نعم",C9="",E9=""),0,J9*SUMIFS(PL_FacesEff,PL_Space,C9,PL_Wall,E9))) | Q9: =IF(W9=0,"",IF(OR(N9<>"نعم",C9=""),0,IF(COUNTIFS(LN_Space,C9,LN_AutoEff,1)>0,U9,0))) | T9: =IF(W9=0,"",IF(B9="","ناقص بيانات: كود الفتحة",IF(V9=1,"تكرار كود الفتحة — غير محتسب",IF(C9="","ناقص بيانات: كود الفراغ",IF(COUNTIF(SpaceCodes,C9)=0,"ناقص بيانات: الفراغ غير مسجل",IF(E9="","ناقص بيانات: كود الحائط",IF(J9="","ناقص قياس",IF(AND(K9="",M9="",N9=""),"ناقص بيانات: حدد خيارات الخصم (نعم/لا)",IF(AND(K9="نعم",N(O9)=0,L9="",COUNTIFS(WL_Space,C9,WL_Wall,E9,WL_Dup,0)>1),"تنبيه خصم: للحائط أكثر من خامة — حدد الخامة المخصوم منها",IF(AND(K9="نعم",N(O9)=0,IF(L9="",COUNTIFS(WL_Space,C9,WL_Wall,E9,WL_Dup,0),COUNTIFS(WL_Space,C9,WL_Wall,E9,WL_Mat,L9,WL_Dup,0))>0),"تنبيه خصم: خصم الفتحات موقوف («لا») في سجل الحائط",IF(AND(K9="نعم",N(O9)=0),"تنبيه خصم: الحائط/الخامة غير مسجلة في حصر الحوائط",IF(AND(M9="نعم",N(P9)=0),"تنبيه خصم: الحائط غير مسجل في حصر اللياسة",IF(AND(N9="نعم",N(Q9)=0),"تنبيه خصم: لا يوجد سجل وزرات بخصم تلقائي للفراغ",IF(R9="نعم","يحتاج مراجعة","مكتمل")))))))))))))) | U9: =IF(OR(W9=0,V9=1,G9=""),0,G9*IF(I9="",1,I9)) -> 0 | V9: =IF(B9="",0,IF(SUMPRODUCT(--(B$4:B9=B9))>1,1,0)) -> 0 | W9: =IF(COUNTA(B9:C9,E9:I9,K9:N9)=0,0,1) -> 0
A10: 7 | D10: =IF(C10="","",IFERROR(INDEX(SpaceNames,MATCH(C10,SpaceCodes,0))&"","")) | J10: =IF(W10=0,"",IF(V10=1,0,IF(AND(G10<>"",H10<>""),G10*H10*IF(I10="",1,I10),""))) | O10: =IF(OR(W10=0,J10=""),"",IF(OR(K10<>"نعم",C10="",E10=""),0,IF(L10<>"",IF(COUNTIFS(WL_Space,C10,WL_Wall,E10,WL_Mat,L10,WL_DedOn,1)>0,J10,0),IF(AND(COUNTIFS(WL_Space,C10,WL_Wall,E10,WL_Dup,0)=1,COUNTIFS(WL_Space,C10,WL_Wall,E10,WL_DedOn,1)=1),J10,0)))) | P10: =IF(OR(W10=0,J10=""),"",IF(OR(M10<>"نعم",C10="",E10=""),0,J10*SUMIFS(PL_FacesEff,PL_Space,C10,PL_Wall,E10))) | Q10: =IF(W10=0,"",IF(OR(N10<>"نعم",C10=""),0,IF(COUNTIFS(LN_Space,C10,LN_AutoEff,1)>0,U10,0))) | T10: =IF(W10=0,"",IF(B10="","ناقص بيانات: كود الفتحة",IF(V10=1,"تكرار كود الفتحة — غير محتسب",IF(C10="","ناقص بيانات: كود الفراغ",IF(COUNTIF(SpaceCodes,C10)=0,"ناقص بيانات: الفراغ غير مسجل",IF(E10="","ناقص بيانات: كود الحائط",IF(J10="","ناقص قياس",IF(AND(K10="",M10="",N10=""),"ناقص بيانات: حدد خيارات الخصم (نعم/لا)",IF(AND(K10="نعم",N(O10)=0,L10="",COUNTIFS(WL_Space,C10,WL_Wall,E10,WL_Dup,0)>1),"تنبيه خصم: للحائط أكثر من خامة — حدد الخامة المخصوم منها",IF(AND(K10="نعم",N(O10)=0,IF(L10="",COUNTIFS(WL_Space,C10,WL_Wall,E10,WL_Dup,0),COUNTIFS(WL_Space,C10,WL_Wall,E10,WL_Mat,L10,WL_Dup,0))>0),"تنبيه خصم: خصم الفتحات موقوف («لا») في سجل الحائط",IF(AND(K10="نعم",N(O10)=0),"تنبيه خصم: الحائط/الخامة غير مسجلة في حصر الحوائط",IF(AND(M10="نعم",N(P10)=0),"تنبيه خصم: الحائط غير مسجل في حصر اللياسة",IF(AND(N10="نعم",N(Q10)=0),"تنبيه خصم: لا يوجد سجل وزرات بخصم تلقائي للفراغ",IF(R10="نعم","يحتاج مراجعة","مكتمل")))))))))))))) | U10: =IF(OR(W10=0,V10=1,G10=""),0,G10*IF(I10="",1,I10)) -> 0 | V10: =IF(B10="",0,IF(SUMPRODUCT(--(B$4:B10=B10))>1,1,0)) -> 0 | W10: =IF(COUNTA(B10:C10,E10:I10,K10:N10)=0,0,1) -> 0
A11: 8 | D11: =IF(C11="","",IFERROR(INDEX(SpaceNames,MATCH(C11,SpaceCodes,0))&"","")) | J11: =IF(W11=0,"",IF(V11=1,0,IF(AND(G11<>"",H11<>""),G11*H11*IF(I11="",1,I11),""))) | O11: =IF(OR(W11=0,J11=""),"",IF(OR(K11<>"نعم",C11="",E11=""),0,IF(L11<>"",IF(COUNTIFS(WL_Space,C11,WL_Wall,E11,WL_Mat,L11,WL_DedOn,1)>0,J11,0),IF(AND(COUNTIFS(WL_Space,C11,WL_Wall,E11,WL_Dup,0)=1,COUNTIFS(WL_Space,C11,WL_Wall,E11,WL_DedOn,1)=1),J11,0)))) | P11: =IF(OR(W11=0,J11=""),"",IF(OR(M11<>"نعم",C11="",E11=""),0,J11*SUMIFS(PL_FacesEff,PL_Space,C11,PL_Wall,E11))) | Q11: =IF(W11=0,"",IF(OR(N11<>"نعم",C11=""),0,IF(COUNTIFS(LN_Space,C11,LN_AutoEff,1)>0,U11,0))) | T11: =IF(W11=0,"",IF(B11="","ناقص بيانات: كود الفتحة",IF(V11=1,"تكرار كود الفتحة — غير محتسب",IF(C11="","ناقص بيانات: كود الفراغ",IF(COUNTIF(SpaceCodes,C11)=0,"ناقص بيانات: الفراغ غير مسجل",IF(E11="","ناقص بيانات: كود الحائط",IF(J11="","ناقص قياس",IF(AND(K11="",M11="",N11=""),"ناقص بيانات: حدد خيارات الخصم (نعم/لا)",IF(AND(K11="نعم",N(O11)=0,L11="",COUNTIFS(WL_Space,C11,WL_Wall,E11,WL_Dup,0)>1),"تنبيه خصم: للحائط أكثر من خامة — حدد الخامة المخصوم منها",IF(AND(K11="نعم",N(O11)=0,IF(L11="",COUNTIFS(WL_Space,C11,WL_Wall,E11,WL_Dup,0),COUNTIFS(WL_Space,C11,WL_Wall,E11,WL_Mat,L11,WL_Dup,0))>0),"تنبيه خصم: خصم الفتحات موقوف («لا») في سجل الحائط",IF(AND(K11="نعم",N(O11)=0),"تنبيه خصم: الحائط/الخامة غير مسجلة في حصر الحوائط",IF(AND(M11="نعم",N(P11)=0),"تنبيه خصم: الحائط غير مسجل في حصر اللياسة",IF(AND(N11="نعم",N(Q11)=0),"تنبيه خصم: لا يوجد سجل وزرات بخصم تلقائي للفراغ",IF(R11="نعم","يحتاج مراجعة","مكتمل")))))))))))))) | U11: =IF(OR(W11=0,V11=1,G11=""),0,G11*IF(I11="",1,I11)) -> 0 | V11: =IF(B11="",0,IF(SUMPRODUCT(--(B$4:B11=B11))>1,1,0)) -> 0 | W11: =IF(COUNTA(B11:C11,E11:I11,K11:N11)=0,0,1) -> 0
A12: 9 | D12: =IF(C12="","",IFERROR(INDEX(SpaceNames,MATCH(C12,SpaceCodes,0))&"","")) | J12: =IF(W12=0,"",IF(V12=1,0,IF(AND(G12<>"",H12<>""),G12*H12*IF(I12="",1,I12),""))) | O12: =IF(OR(W12=0,J12=""),"",IF(OR(K12<>"نعم",C12="",E12=""),0,IF(L12<>"",IF(COUNTIFS(WL_Space,C12,WL_Wall,E12,WL_Mat,L12,WL_DedOn,1)>0,J12,0),IF(AND(COUNTIFS(WL_Space,C12,WL_Wall,E12,WL_Dup,0)=1,COUNTIFS(WL_Space,C12,WL_Wall,E12,WL_DedOn,1)=1),J12,0)))) | P12: =IF(OR(W12=0,J12=""),"",IF(OR(M12<>"نعم",C12="",E12=""),0,J12*SUMIFS(PL_FacesEff,PL_Space,C12,PL_Wall,E12))) | Q12: =IF(W12=0,"",IF(OR(N12<>"نعم",C12=""),0,IF(COUNTIFS(LN_Space,C12,LN_AutoEff,1)>0,U12,0))) | T12: =IF(W12=0,"",IF(B12="","ناقص بيانات: كود الفتحة",IF(V12=1,"تكرار كود الفتحة — غير محتسب",IF(C12="","ناقص بيانات: كود الفراغ",IF(COUNTIF(SpaceCodes,C12)=0,"ناقص بيانات: الفراغ غير مسجل",IF(E12="","ناقص بيانات: كود الحائط",IF(J12="","ناقص قياس",IF(AND(K12="",M12="",N12=""),"ناقص بيانات: حدد خيارات الخصم (نعم/لا)",IF(AND(K12="نعم",N(O12)=0,L12="",COUNTIFS(WL_Space,C12,WL_Wall,E12,WL_Dup,0)>1),"تنبيه خصم: للحائط أكثر من خامة — حدد الخامة المخصوم منها",IF(AND(K12="نعم",N(O12)=0,IF(L12="",COUNTIFS(WL_Space,C12,WL_Wall,E12,WL_Dup,0),COUNTIFS(WL_Space,C12,WL_Wall,E12,WL_Mat,L12,WL_Dup,0))>0),"تنبيه خصم: خصم الفتحات موقوف («لا») في سجل الحائط",IF(AND(K12="نعم",N(O12)=0),"تنبيه خصم: الحائط/الخامة غير مسجلة في حصر الحوائط",IF(AND(M12="نعم",N(P12)=0),"تنبيه خصم: الحائط غير مسجل في حصر اللياسة",IF(AND(N12="نعم",N(Q12)=0),"تنبيه خصم: لا يوجد سجل وزرات بخصم تلقائي للفراغ",IF(R12="نعم","يحتاج مراجعة","مكتمل")))))))))))))) | U12: =IF(OR(W12=0,V12=1,G12=""),0,G12*IF(I12="",1,I12)) -> 0 | V12: =IF(B12="",0,IF(SUMPRODUCT(--(B$4:B12=B12))>1,1,0)) -> 0 | W12: =IF(COUNTA(B12:C12,E12:I12,K12:N12)=0,0,1) -> 0
A13: 10 | D13: =IF(C13="","",IFERROR(INDEX(SpaceNames,MATCH(C13,SpaceCodes,0))&"","")) | J13: =IF(W13=0,"",IF(V13=1,0,IF(AND(G13<>"",H13<>""),G13*H13*IF(I13="",1,I13),""))) | O13: =IF(OR(W13=0,J13=""),"",IF(OR(K13<>"نعم",C13="",E13=""),0,IF(L13<>"",IF(COUNTIFS(WL_Space,C13,WL_Wall,E13,WL_Mat,L13,WL_DedOn,1)>0,J13,0),IF(AND(COUNTIFS(WL_Space,C13,WL_Wall,E13,WL_Dup,0)=1,COUNTIFS(WL_Space,C13,WL_Wall,E13,WL_DedOn,1)=1),J13,0)))) | P13: =IF(OR(W13=0,J13=""),"",IF(OR(M13<>"نعم",C13="",E13=""),0,J13*SUMIFS(PL_FacesEff,PL_Space,C13,PL_Wall,E13))) | Q13: =IF(W13=0,"",IF(OR(N13<>"نعم",C13=""),0,IF(COUNTIFS(LN_Space,C13,LN_AutoEff,1)>0,U13,0))) | T13: =IF(W13=0,"",IF(B13="","ناقص بيانات: كود الفتحة",IF(V13=1,"تكرار كود الفتحة — غير محتسب",IF(C13="","ناقص بيانات: كود الفراغ",IF(COUNTIF(SpaceCodes,C13)=0,"ناقص بيانات: الفراغ غير مسجل",IF(E13="","ناقص بيانات: كود الحائط",IF(J13="","ناقص قياس",IF(AND(K13="",M13="",N13=""),"ناقص بيانات: حدد خيارات الخصم (نعم/لا)",IF(AND(K13="نعم",N(O13)=0,L13="",COUNTIFS(WL_Space,C13,WL_Wall,E13,WL_Dup,0)>1),"تنبيه خصم: للحائط أكثر من خامة — حدد الخامة المخصوم منها",IF(AND(K13="نعم",N(O13)=0,IF(L13="",COUNTIFS(WL_Space,C13,WL_Wall,E13,WL_Dup,0),COUNTIFS(WL_Space,C13,WL_Wall,E13,WL_Mat,L13,WL_Dup,0))>0),"تنبيه خصم: خصم الفتحات موقوف («لا») في سجل الحائط",IF(AND(K13="نعم",N(O13)=0),"تنبيه خصم: الحائط/الخامة غير مسجلة في حصر الحوائط",IF(AND(M13="نعم",N(P13)=0),"تنبيه خصم: الحائط غير مسجل في حصر اللياسة",IF(AND(N13="نعم",N(Q13)=0),"تنبيه خصم: لا يوجد سجل وزرات بخصم تلقائي للفراغ",IF(R13="نعم","يحتاج مراجعة","مكتمل")))))))))))))) | U13: =IF(OR(W13=0,V13=1,G13=""),0,G13*IF(I13="",1,I13)) -> 0 | V13: =IF(B13="",0,IF(SUMPRODUCT(--(B$4:B13=B13))>1,1,0)) -> 0 | W13: =IF(COUNTA(B13:C13,E13:I13,K13:N13)=0,0,1) -> 0
A14: 11 | D14: =IF(C14="","",IFERROR(INDEX(SpaceNames,MATCH(C14,SpaceCodes,0))&"","")) | J14: =IF(W14=0,"",IF(V14=1,0,IF(AND(G14<>"",H14<>""),G14*H14*IF(I14="",1,I14),""))) | O14: =IF(OR(W14=0,J14=""),"",IF(OR(K14<>"نعم",C14="",E14=""),0,IF(L14<>"",IF(COUNTIFS(WL_Space,C14,WL_Wall,E14,WL_Mat,L14,WL_DedOn,1)>0,J14,0),IF(AND(COUNTIFS(WL_Space,C14,WL_Wall,E14,WL_Dup,0)=1,COUNTIFS(WL_Space,C14,WL_Wall,E14,WL_DedOn,1)=1),J14,0)))) | P14: =IF(OR(W14=0,J14=""),"",IF(OR(M14<>"نعم",C14="",E14=""),0,J14*SUMIFS(PL_FacesEff,PL_Space,C14,PL_Wall,E14))) | Q14: =IF(W14=0,"",IF(OR(N14<>"نعم",C14=""),0,IF(COUNTIFS(LN_Space,C14,LN_AutoEff,1)>0,U14,0))) | T14: =IF(W14=0,"",IF(B14="","ناقص بيانات: كود الفتحة",IF(V14=1,"تكرار كود الفتحة — غير محتسب",IF(C14="","ناقص بيانات: كود الفراغ",IF(COUNTIF(SpaceCodes,C14)=0,"ناقص بيانات: الفراغ غير مسجل",IF(E14="","ناقص بيانات: كود الحائط",IF(J14="","ناقص قياس",IF(AND(K14="",M14="",N14=""),"ناقص بيانات: حدد خيارات الخصم (نعم/لا)",IF(AND(K14="نعم",N(O14)=0,L14="",COUNTIFS(WL_Space,C14,WL_Wall,E14,WL_Dup,0)>1),"تنبيه خصم: للحائط أكثر من خامة — حدد الخامة المخصوم منها",IF(AND(K14="نعم",N(O14)=0,IF(L14="",COUNTIFS(WL_Space,C14,WL_Wall,E14,WL_Dup,0),COUNTIFS(WL_Space,C14,WL_Wall,E14,WL_Mat,L14,WL_Dup,0))>0),"تنبيه خصم: خصم الفتحات موقوف («لا») في سجل الحائط",IF(AND(K14="نعم",N(O14)=0),"تنبيه خصم: الحائط/الخامة غير مسجلة في حصر الحوائط",IF(AND(M14="نعم",N(P14)=0),"تنبيه خصم: الحائط غير مسجل في حصر اللياسة",IF(AND(N14="نعم",N(Q14)=0),"تنبيه خصم: لا يوجد سجل وزرات بخصم تلقائي للفراغ",IF(R14="نعم","يحتاج مراجعة","مكتمل")))))))))))))) | U14: =IF(OR(W14=0,V14=1,G14=""),0,G14*IF(I14="",1,I14)) -> 0 | V14: =IF(B14="",0,IF(SUMPRODUCT(--(B$4:B14=B14))>1,1,0)) -> 0 | W14: =IF(COUNTA(B14:C14,E14:I14,K14:N14)=0,0,1) -> 0
A15: 12 | D15: =IF(C15="","",IFERROR(INDEX(SpaceNames,MATCH(C15,SpaceCodes,0))&"","")) | J15: =IF(W15=0,"",IF(V15=1,0,IF(AND(G15<>"",H15<>""),G15*H15*IF(I15="",1,I15),""))) | O15: =IF(OR(W15=0,J15=""),"",IF(OR(K15<>"نعم",C15="",E15=""),0,IF(L15<>"",IF(COUNTIFS(WL_Space,C15,WL_Wall,E15,WL_Mat,L15,WL_DedOn,1)>0,J15,0),IF(AND(COUNTIFS(WL_Space,C15,WL_Wall,E15,WL_Dup,0)=1,COUNTIFS(WL_Space,C15,WL_Wall,E15,WL_DedOn,1)=1),J15,0)))) | P15: =IF(OR(W15=0,J15=""),"",IF(OR(M15<>"نعم",C15="",E15=""),0,J15*SUMIFS(PL_FacesEff,PL_Space,C15,PL_Wall,E15))) | Q15: =IF(W15=0,"",IF(OR(N15<>"نعم",C15=""),0,IF(COUNTIFS(LN_Space,C15,LN_AutoEff,1)>0,U15,0))) | T15: =IF(W15=0,"",IF(B15="","ناقص بيانات: كود الفتحة",IF(V15=1,"تكرار كود الفتحة — غير محتسب",IF(C15="","ناقص بيانات: كود الفراغ",IF(COUNTIF(SpaceCodes,C15)=0,"ناقص بيانات: الفراغ غير مسجل",IF(E15="","ناقص بيانات: كود الحائط",IF(J15="","ناقص قياس",IF(AND(K15="",M15="",N15=""),"ناقص بيانات: حدد خيارات الخصم (نعم/لا)",IF(AND(K15="نعم",N(O15)=0,L15="",COUNTIFS(WL_Space,C15,WL_Wall,E15,WL_Dup,0)>1),"تنبيه خصم: للحائط أكثر من خامة — حدد الخامة المخصوم منها",IF(AND(K15="نعم",N(O15)=0,IF(L15="",COUNTIFS(WL_Space,C15,WL_Wall,E15,WL_Dup,0),COUNTIFS(WL_Space,C15,WL_Wall,E15,WL_Mat,L15,WL_Dup,0))>0),"تنبيه خصم: خصم الفتحات موقوف («لا») في سجل الحائط",IF(AND(K15="نعم",N(O15)=0),"تنبيه خصم: الحائط/الخامة غير مسجلة في حصر الحوائط",IF(AND(M15="نعم",N(P15)=0),"تنبيه خصم: الحائط غير مسجل في حصر اللياسة",IF(AND(N15="نعم",N(Q15)=0),"تنبيه خصم: لا يوجد سجل وزرات بخصم تلقائي للفراغ",IF(R15="نعم","يحتاج مراجعة","مكتمل")))))))))))))) | U15: =IF(OR(W15=0,V15=1,G15=""),0,G15*IF(I15="",1,I15)) -> 0 | V15: =IF(B15="",0,IF(SUMPRODUCT(--(B$4:B15=B15))>1,1,0)) -> 0 | W15: =IF(COUNTA(B15:C15,E15:I15,K15:N15)=0,0,1) -> 0
... A303: 300 | D303: =IF(C303="","",IFERROR(INDEX(SpaceNames,MATCH(C303,SpaceCodes,0))&"","")) | J303: =IF(W303=0,"",IF(V303=1,0,IF(AND(G303<>"",H303<>""),G303*H303*IF(I303="",1,I303),""))) | O303: =IF(OR(W303=0,J303=""),"",IF(OR(K303<>"نعم",C303="",E303=""),0,IF(L303<>"",IF(COUNTIFS(WL_Space,C303,WL_Wall,E303,WL_Mat,L303,WL_DedOn,1)>0,J303,0),IF(AND(COUNTIFS(WL_Space,C303,WL_Wall,E303,WL_Dup,0)=1,COUNTIFS(WL_Space,C303,WL_Wall,E303,WL_DedOn,1)=1),J303,0)))) | P303: =IF(OR(W303=0,J303=""),"",IF(OR(M303<>"نعم",C303="",E303=""),0,J303*SUMIFS(PL_FacesEff,PL_Space,C303,PL_Wall,E303))) | Q303: =IF(W303=0,"",IF(OR(N303<>"نعم",C303=""),0,IF(COUNTIFS(LN_Space,C303,LN_AutoEff,1)>0,U303,0))) | T303: =IF(W303=0,"",IF(B303="","ناقص بيانات: كود الفتحة",IF(V303=1,"تكرار كود الفتحة — غير محتسب",IF(C303="","ناقص بيانات: كود الفراغ",IF(COUNTIF(SpaceCodes,C303)=0,"ناقص بيانات: الفراغ غير مسجل",IF(E303="","ناقص بيانات: كود الحائط",IF(J303="","ناقص قياس",IF(AND(K303="",M303="",N303=""),"ناقص بيانات: حدد خيارات الخصم (نعم/لا)",IF(AND(K303="نعم",N(O303)=0,L303="",COUNTIFS(WL_Space,C303,WL_Wall,E303,WL_Dup,0)>1),"تنبيه خصم: للحائط أكثر من خامة — حدد الخامة المخصوم منها",IF(AND(K303="نعم",N(O303)=0,IF(L303="",COUNTIFS(WL_Space,C303,WL_Wall,E303,WL_Dup,0),COUNTIFS(WL_Space,C303,WL_Wall,E303,WL_Mat,L303,WL_Dup,0))>0),"تنبيه خصم: خصم الفتحات موقوف («لا») في سجل الحائط",IF(AND(K303="نعم",N(O303)=0),"تنبيه خصم: الحائط/الخامة غير مسجلة في حصر الحوائط",IF(AND(M303="نعم",N(P303)=0),"تنبيه خصم: الحائط غير مسجل في حصر اللياسة",IF(AND(N303="نعم",N(Q303)=0),"تنبيه خصم: لا يوجد سجل وزرات بخصم تلقائي للفراغ",IF(R303="نعم","يحتاج مراجعة","مكتمل")))))))))))))) | U303: =IF(OR(W303=0,V303=1,G303=""),0,G303*IF(I303="",1,I303)) -> 0 | V303: =IF(B303="",0,IF(SUMPRODUCT(--(B$4:B303=B303))>1,1,0)) -> 0 | W303: =IF(COUNTA(B303:C303,E303:I303,K303:N303)=0,0,1) -> 0

Sheet حصر الوزرات والبنود الطولية
A1: حصر الوزرات والنعلات والبنود الطولية (الوحدة الأساسية: م.ط)
A2: إجمالي الصفوف الظاهرة بعد الفلتر (م.ط فقط) ← | J2: =SUMPRODUCT(SUBTOTAL(109,OFFSET(J$4,ROW(J$4:J$303)-ROW(J$4),0)),--(P$4:P$303="م.ط")) -> 0 | N2: =SUMPRODUCT(SUBTOTAL(109,OFFSET(N$4,ROW(N$4:N$303)-ROW(N$4),0)),--(P$4:P$303="م.ط")) -> 0 | O2: =SUMPRODUCT(SUBTOTAL(109,OFFSET(O$4,ROW(O$4:O$303)-ROW(O$4),0)),--(P$4:P$303="م.ط")) -> 0 | S2: ="غير مكتمل: "&(COUNTIF(S$4:S$303,"?*")-COUNTIF(S$4:S$303,"مكتمل")) -> غير مكتمل: 0
A3: م | B3: كود الفراغ | C3: اسم الفراغ | D3: نوع البند / الخامة | E3: الوصف / الموضع | F3: طول الفراغ (م) لحساب المحيط | G3: عرض الفراغ (م) لحساب المحيط | H3: الطول المقاس مباشرة أو المحيط (م) | I3: عدد التكرارات (فارغ = 1) | J3: الطول الإجمالي | K3: خصم فتحات الفراغ تلقائيًا؟ | L3: خصم الفتحات (تلقائي) | M3: خصومات أخرى (يدوي) | N3: إجمالي الخصومات | O3: الطول الصافي | P3: الوحدة | Q3: يحتاج مراجعة؟ | R3: ملاحظات الموقع | S3: الحالة | T3: مفتاح | U3: تكرار | V3: خصم فعال
A4: 1 | C4: =IF(B4="","",IFERROR(INDEX(SpaceNames,MATCH(B4,SpaceCodes,0))&"","")) | J4: =IF(T4="","",IF(U4=1,0,IF(H4<>"",H4*IF(I4="",1,I4),IF(AND(F4<>"",G4<>""),2*(F4+G4)*IF(I4="",1,I4),"")))) | L4: =IF(T4="","",IF(V4=1,SUMIFS(OP_Wtot,OP_Space,B4,OP_DedSk,"نعم"),0)) | N4: =IF(OR(T4="",J4=""),"",N(L4)+N(M4)) | O4: =IF(OR(T4="",J4=""),"",J4-N4) | P4: =IF(D4="","",IFERROR(IF(INDEX(LinUnit,MATCH(D4,LinMat,0))="","م.ط",INDEX(LinUnit,MATCH(D4,LinMat,0))),"م.ط")) | S4: =IF(T4="","",IF(U4=1,"تكرار — غير محتسب",IF(B4="","ناقص بيانات: كود الفراغ",IF(COUNTIF(SpaceCodes,B4)=0,"ناقص بيانات: الفراغ غير مسجل",IF(D4="","ناقص بيانات: نوع البند",IF(J4="","ناقص قياس",IF(N4>J4+0.000001,"خطأ خصم: الخصم أكبر من الإجمالي",IF(AND(K4="نعم",V4=0),"تنبيه خصم: خصم تلقائي مكرر للفراغ — غير مطبق",IF(Q4="نعم","يحتاج مراجعة","مكتمل"))))))))) | T4: =IF(COUNTA(B4,D4:I4,M4)=0,"",B4&"|"&D4&"|"&E4&"|"&F4&"|"&G4&"|"&H4) | U4: =IF(T4="",0,IF(SUMPRODUCT(--(T$4:T4=T4))>1,1,0)) -> 0 | V4: =IF(OR(T4="",U4=1,B4="",K4<>"نعم"),0,IF(COUNTIFS(B$4:B4,B4,K$4:K4,"نعم",U$4:U4,0)=1,1,0)) -> 0
A5: 2 | C5: =IF(B5="","",IFERROR(INDEX(SpaceNames,MATCH(B5,SpaceCodes,0))&"","")) | J5: =IF(T5="","",IF(U5=1,0,IF(H5<>"",H5*IF(I5="",1,I5),IF(AND(F5<>"",G5<>""),2*(F5+G5)*IF(I5="",1,I5),"")))) | L5: =IF(T5="","",IF(V5=1,SUMIFS(OP_Wtot,OP_Space,B5,OP_DedSk,"نعم"),0)) | N5: =IF(OR(T5="",J5=""),"",N(L5)+N(M5)) | O5: =IF(OR(T5="",J5=""),"",J5-N5) | P5: =IF(D5="","",IFERROR(IF(INDEX(LinUnit,MATCH(D5,LinMat,0))="","م.ط",INDEX(LinUnit,MATCH(D5,LinMat,0))),"م.ط")) | S5: =IF(T5="","",IF(U5=1,"تكرار — غير محتسب",IF(B5="","ناقص بيانات: كود الفراغ",IF(COUNTIF(SpaceCodes,B5)=0,"ناقص بيانات: الفراغ غير مسجل",IF(D5="","ناقص بيانات: نوع البند",IF(J5="","ناقص قياس",IF(N5>J5+0.000001,"خطأ خصم: الخصم أكبر من الإجمالي",IF(AND(K5="نعم",V5=0),"تنبيه خصم: خصم تلقائي مكرر للفراغ — غير مطبق",IF(Q5="نعم","يحتاج مراجعة","مكتمل"))))))))) | T5: =IF(COUNTA(B5,D5:I5,M5)=0,"",B5&"|"&D5&"|"&E5&"|"&F5&"|"&G5&"|"&H5) | U5: =IF(T5="",0,IF(SUMPRODUCT(--(T$4:T5=T5))>1,1,0)) -> 0 | V5: =IF(OR(T5="",U5=1,B5="",K5<>"نعم"),0,IF(COUNTIFS(B$4:B5,B5,K$4:K5,"نعم",U$4:U5,0)=1,1,0)) -> 0
A6: 3 | C6: =IF(B6="","",IFERROR(INDEX(SpaceNames,MATCH(B6,SpaceCodes,0))&"","")) | J6: =IF(T6="","",IF(U6=1,0,IF(H6<>"",H6*IF(I6="",1,I6),IF(AND(F6<>"",G6<>""),2*(F6+G6)*IF(I6="",1,I6),"")))) | L6: =IF(T6="","",IF(V6=1,SUMIFS(OP_Wtot,OP_Space,B6,OP_DedSk,"نعم"),0)) | N6: =IF(OR(T6="",J6=""),"",N(L6)+N(M6)) | O6: =IF(OR(T6="",J6=""),"",J6-N6) | P6: =IF(D6="","",IFERROR(IF(INDEX(LinUnit,MATCH(D6,LinMat,0))="","م.ط",INDEX(LinUnit,MATCH(D6,LinMat,0))),"م.ط")) | S6: =IF(T6="","",IF(U6=1,"تكرار — غير محتسب",IF(B6="","ناقص بيانات: كود الفراغ",IF(COUNTIF(SpaceCodes,B6)=0,"ناقص بيانات: الفراغ غير مسجل",IF(D6="","ناقص بيانات: نوع البند",IF(J6="","ناقص قياس",IF(N6>J6+0.000001,"خطأ خصم: الخصم أكبر من الإجمالي",IF(AND(K6="نعم",V6=0),"تنبيه خصم: خصم تلقائي مكرر للفراغ — غير مطبق",IF(Q6="نعم","يحتاج مراجعة","مكتمل"))))))))) | T6: =IF(COUNTA(B6,D6:I6,M6)=0,"",B6&"|"&D6&"|"&E6&"|"&F6&"|"&G6&"|"&H6) | U6: =IF(T6="",0,IF(SUMPRODUCT(--(T$4:T6=T6))>1,1,0)) -> 0 | V6: =IF(OR(T6="",U6=1,B6="",K6<>"نعم"),0,IF(COUNTIFS(B$4:B6,B6,K$4:K6,"نعم",U$4:U6,0)=1,1,0)) -> 0
A7: 4 | C7: =IF(B7="","",IFERROR(INDEX(SpaceNames,MATCH(B7,SpaceCodes,0))&"","")) | J7: =IF(T7="","",IF(U7=1,0,IF(H7<>"",H7*IF(I7="",1,I7),IF(AND(F7<>"",G7<>""),2*(F7+G7)*IF(I7="",1,I7),"")))) | L7: =IF(T7="","",IF(V7=1,SUMIFS(OP_Wtot,OP_Space,B7,OP_DedSk,"نعم"),0)) | N7: =IF(OR(T7="",J7=""),"",N(L7)+N(M7)) | O7: =IF(OR(T7="",J7=""),"",J7-N7) | P7: =IF(D7="","",IFERROR(IF(INDEX(LinUnit,MATCH(D7,LinMat,0))="","م.ط",INDEX(LinUnit,MATCH(D7,LinMat,0))),"م.ط")) | S7: =IF(T7="","",IF(U7=1,"تكرار — غير محتسب",IF(B7="","ناقص بيانات: كود الفراغ",IF(COUNTIF(SpaceCodes,B7)=0,"ناقص بيانات: الفراغ غير مسجل",IF(D7="","ناقص بيانات: نوع البند",IF(J7="","ناقص قياس",IF(N7>J7+0.000001,"خطأ خصم: الخصم أكبر من الإجمالي",IF(AND(K7="نعم",V7=0),"تنبيه خصم: خصم تلقائي مكرر للفراغ — غير مطبق",IF(Q7="نعم","يحتاج مراجعة","مكتمل"))))))))) | T7: =IF(COUNTA(B7,D7:I7,M7)=0,"",B7&"|"&D7&"|"&E7&"|"&F7&"|"&G7&"|"&H7) | U7: =IF(T7="",0,IF(SUMPRODUCT(--(T$4:T7=T7))>1,1,0)) -> 0 | V7: =IF(OR(T7="",U7=1,B7="",K7<>"نعم"),0,IF(COUNTIFS(B$4:B7,B7,K$4:K7,"نعم",U$4:U7,0)=1,1,0)) -> 0
A8: 5 | C8: =IF(B8="","",IFERROR(INDEX(SpaceNames,MATCH(B8,SpaceCodes,0))&"","")) | J8: =IF(T8="","",IF(U8=1,0,IF(H8<>"",H8*IF(I8="",1,I8),IF(AND(F8<>"",G8<>""),2*(F8+G8)*IF(I8="",1,I8),"")))) | L8: =IF(T8="","",IF(V8=1,SUMIFS(OP_Wtot,OP_Space,B8,OP_DedSk,"نعم"),0)) | N8: =IF(OR(T8="",J8=""),"",N(L8)+N(M8)) | O8: =IF(OR(T8="",J8=""),"",J8-N8) | P8: =IF(D8="","",IFERROR(IF(INDEX(LinUnit,MATCH(D8,LinMat,0))="","م.ط",INDEX(LinUnit,MATCH(D8,LinMat,0))),"م.ط")) | S8: =IF(T8="","",IF(U8=1,"تكرار — غير محتسب",IF(B8="","ناقص بيانات: كود الفراغ",IF(COUNTIF(SpaceCodes,B8)=0,"ناقص بيانات: الفراغ غير مسجل",IF(D8="","ناقص بيانات: نوع البند",IF(J8="","ناقص قياس",IF(N8>J8+0.000001,"خطأ خصم: الخصم أكبر من الإجمالي",IF(AND(K8="نعم",V8=0),"تنبيه خصم: خصم تلقائي مكرر للفراغ — غير مطبق",IF(Q8="نعم","يحتاج مراجعة","مكتمل"))))))))) | T8: =IF(COUNTA(B8,D8:I8,M8)=0,"",B8&"|"&D8&"|"&E8&"|"&F8&"|"&G8&"|"&H8) | U8: =IF(T8="",0,IF(SUMPRODUCT(--(T$4:T8=T8))>1,1,0)) -> 0 | V8: =IF(OR(T8="",U8=1,B8="",K8<>"نعم"),0,IF(COUNTIFS(B$4:B8,B8,K$4:K8,"نعم",U$4:U8,0)=1,1,0)) -> 0
A9: 6 | C9: =IF(B9="","",IFERROR(INDEX(SpaceNames,MATCH(B9,SpaceCodes,0))&"","")) | J9: =IF(T9="","",IF(U9=1,0,IF(H9<>"",H9*IF(I9="",1,I9),IF(AND(F9<>"",G9<>""),2*(F9+G9)*IF(I9="",1,I9),"")))) | L9: =IF(T9="","",IF(V9=1,SUMIFS(OP_Wtot,OP_Space,B9,OP_DedSk,"نعم"),0)) | N9: =IF(OR(T9="",J9=""),"",N(L9)+N(M9)) | O9: =IF(OR(T9="",J9=""),"",J9-N9) | P9: =IF(D9="","",IFERROR(IF(INDEX(LinUnit,MATCH(D9,LinMat,0))="","م.ط",INDEX(LinUnit,MATCH(D9,LinMat,0))),"م.ط")) | S9: =IF(T9="","",IF(U9=1,"تكرار — غير محتسب",IF(B9="","ناقص بيانات: كود الفراغ",IF(COUNTIF(SpaceCodes,B9)=0,"ناقص بيانات: الفراغ غير مسجل",IF(D9="","ناقص بيانات: نوع البند",IF(J9="","ناقص قياس",IF(N9>J9+0.000001,"خطأ خصم: الخصم أكبر من الإجمالي",IF(AND(K9="نعم",V9=0),"تنبيه خصم: خصم تلقائي مكرر للفراغ — غير مطبق",IF(Q9="نعم","يحتاج مراجعة","مكتمل"))))))))) | T9: =IF(COUNTA(B9,D9:I9,M9)=0,"",B9&"|"&D9&"|"&E9&"|"&F9&"|"&G9&"|"&H9) | U9: =IF(T9="",0,IF(SUMPRODUCT(--(T$4:T9=T9))>1,1,0)) -> 0 | V9: =IF(OR(T9="",U9=1,B9="",K9<>"نعم"),0,IF(COUNTIFS(B$4:B9,B9,K$4:K9,"نعم",U$4:U9,0)=1,1,0)) -> 0
A10: 7 | C10: =IF(B10="","",IFERROR(INDEX(SpaceNames,MATCH(B10,SpaceCodes,0))&"","")) | J10: =IF(T10="","",IF(U10=1,0,IF(H10<>"",H10*IF(I10="",1,I10),IF(AND(F10<>"",G10<>""),2*(F10+G10)*IF(I10="",1,I10),"")))) | L10: =IF(T10="","",IF(V10=1,SUMIFS(OP_Wtot,OP_Space,B10,OP_DedSk,"نعم"),0)) | N10: =IF(OR(T10="",J10=""),"",N(L10)+N(M10)) | O10: =IF(OR(T10="",J10=""),"",J10-N10) | P10: =IF(D10="","",IFERROR(IF(INDEX(LinUnit,MATCH(D10,LinMat,0))="","م.ط",INDEX(LinUnit,MATCH(D10,LinMat,0))),"م.ط")) | S10: =IF(T10="","",IF(U10=1,"تكرار — غير محتسب",IF(B10="","ناقص بيانات: كود الفراغ",IF(COUNTIF(SpaceCodes,B10)=0,"ناقص بيانات: الفراغ غير مسجل",IF(D10="","ناقص بيانات: نوع البند",IF(J10="","ناقص قياس",IF(N10>J10+0.000001,"خطأ خصم: الخصم أكبر من الإجمالي",IF(AND(K10="نعم",V10=0),"تنبيه خصم: خصم تلقائي مكرر للفراغ — غير مطبق",IF(Q10="نعم","يحتاج مراجعة","مكتمل"))))))))) | T10: =IF(COUNTA(B10,D10:I10,M10)=0,"",B10&"|"&D10&"|"&E10&"|"&F10&"|"&G10&"|"&H10) | U10: =IF(T10="",0,IF(SUMPRODUCT(--(T$4:T10=T10))>1,1,0)) -> 0 | V10: =IF(OR(T10="",U10=1,B10="",K10<>"نعم"),0,IF(COUNTIFS(B$4:B10,B10,K$4:K10,"نعم",U$4:U10,0)=1,1,0)) -> 0
A11: 8 | C11: =IF(B11="","",IFERROR(INDEX(SpaceNames,MATCH(B11,SpaceCodes,0))&"","")) | J11: =IF(T11="","",IF(U11=1,0,IF(H11<>"",H11*IF(I11="",1,I11),IF(AND(F11<>"",G11<>""),2*(F11+G11)*IF(I11="",1,I11),"")))) | L11: =IF(T11="","",IF(V11=1,SUMIFS(OP_Wtot,OP_Space,B11,OP_DedSk,"نعم"),0)) | N11: =IF(OR(T11="",J11=""),"",N(L11)+N(M11)) | O11: =IF(OR(T11="",J11=""),"",J11-N11) | P11: =IF(D11="","",IFERROR(IF(INDEX(LinUnit,MATCH(D11,LinMat,0))="","م.ط",INDEX(LinUnit,MATCH(D11,LinMat,0))),"م.ط")) | S11: =IF(T11="","",IF(U11=1,"تكرار — غير محتسب",IF(B11="","ناقص بيانات: كود الفراغ",IF(COUNTIF(SpaceCodes,B11)=0,"ناقص بيانات: الفراغ غير مسجل",IF(D11="","ناقص بيانات: نوع البند",IF(J11="","ناقص قياس",IF(N11>J11+0.000001,"خطأ خصم: الخصم أكبر من الإجمالي",IF(AND(K11="نعم",V11=0),"تنبيه خصم: خصم تلقائي مكرر للفراغ — غير مطبق",IF(Q11="نعم","يحتاج مراجعة","مكتمل"))))))))) | T11: =IF(COUNTA(B11,D11:I11,M11)=0,"",B11&"|"&D11&"|"&E11&"|"&F11&"|"&G11&"|"&H11) | U11: =IF(T11="",0,IF(SUMPRODUCT(--(T$4:T11=T11))>1,1,0)) -> 0 | V11: =IF(OR(T11="",U11=1,B11="",K11<>"نعم"),0,IF(COUNTIFS(B$4:B11,B11,K$4:K11,"نعم",U$4:U11,0)=1,1,0)) -> 0
A12: 9 | C12: =IF(B12="","",IFERROR(INDEX(SpaceNames,MATCH(B12,SpaceCodes,0))&"","")) | J12: =IF(T12="","",IF(U12=1,0,IF(H12<>"",H12*IF(I12="",1,I12),IF(AND(F12<>"",G12<>""),2*(F12+G12)*IF(I12="",1,I12),"")))) | L12: =IF(T12="","",IF(V12=1,SUMIFS(OP_Wtot,OP_Space,B12,OP_DedSk,"نعم"),0)) | N12: =IF(OR(T12="",J12=""),"",N(L12)+N(M12)) | O12: =IF(OR(T12="",J12=""),"",J12-N12) | P12: =IF(D12="","",IFERROR(IF(INDEX(LinUnit,MATCH(D12,LinMat,0))="","م.ط",INDEX(LinUnit,MATCH(D12,LinMat,0))),"م.ط")) | S12: =IF(T12="","",IF(U12=1,"تكرار — غير محتسب",IF(B12="","ناقص بيانات: كود الفراغ",IF(COUNTIF(SpaceCodes,B12)=0,"ناقص بيانات: الفراغ غير مسجل",IF(D12="","ناقص بيانات: نوع البند",IF(J12="","ناقص قياس",IF(N12>J12+0.000001,"خطأ خصم: الخصم أكبر من الإجمالي",IF(AND(K12="نعم",V12=0),"تنبيه خصم: خصم تلقائي مكرر للفراغ — غير مطبق",IF(Q12="نعم","يحتاج مراجعة","مكتمل"))))))))) | T12: =IF(COUNTA(B12,D12:I12,M12)=0,"",B12&"|"&D12&"|"&E12&"|"&F12&"|"&G12&"|"&H12) | U12: =IF(T12="",0,IF(SUMPRODUCT(--(T$4:T12=T12))>1,1,0)) -> 0 | V12: =IF(OR(T12="",U12=1,B12="",K12<>"نعم"),0,IF(COUNTIFS(B$4:B12,B12,K$4:K12,"نعم",U$4:U12,0)=1,1,0)) -> 0
A13: 10 | C13: =IF(B13="","",IFERROR(INDEX(SpaceNames,MATCH(B13,SpaceCodes,0))&"","")) | J13: =IF(T13="","",IF(U13=1,0,IF(H13<>"",H13*IF(I13="",1,I13),IF(AND(F13<>"",G13<>""),2*(F13+G13)*IF(I13="",1,I13),"")))) | L13: =IF(T13="","",IF(V13=1,SUMIFS(OP_Wtot,OP_Space,B13,OP_DedSk,"نعم"),0)) | N13: =IF(OR(T13="",J13=""),"",N(L13)+N(M13)) | O13: =IF(OR(T13="",J13=""),"",J13-N13) | P13: =IF(D13="","",IFERROR(IF(INDEX(LinUnit,MATCH(D13,LinMat,0))="","م.ط",INDEX(LinUnit,MATCH(D13,LinMat,0))),"م.ط")) | S13: =IF(T13="","",IF(U13=1,"تكرار — غير محتسب",IF(B13="","ناقص بيانات: كود الفراغ",IF(COUNTIF(SpaceCodes,B13)=0,"ناقص بيانات: الفراغ غير مسجل",IF(D13="","ناقص بيانات: نوع البند",IF(J13="","ناقص قياس",IF(N13>J13+0.000001,"خطأ خصم: الخصم أكبر من الإجمالي",IF(AND(K13="نعم",V13=0),"تنبيه خصم: خصم تلقائي مكرر للفراغ — غير مطبق",IF(Q13="نعم","يحتاج مراجعة","مكتمل"))))))))) | T13: =IF(COUNTA(B13,D13:I13,M13)=0,"",B13&"|"&D13&"|"&E13&"|"&F13&"|"&G13&"|"&H13) | U13: =IF(T13="",0,IF(SUMPRODUCT(--(T$4:T13=T13))>1,1,0)) -> 0 | V13: =IF(OR(T13="",U13=1,B13="",K13<>"نعم"),0,IF(COUNTIFS(B$4:B13,B13,K$4:K13,"نعم",U$4:U13,0)=1,1,0)) -> 0
A14: 11 | C14: =IF(B14="","",IFERROR(INDEX(SpaceNames,MATCH(B14,SpaceCodes,0))&"","")) | J14: =IF(T14="","",IF(U14=1,0,IF(H14<>"",H14*IF(I14="",1,I14),IF(AND(F14<>"",G14<>""),2*(F14+G14)*IF(I14="",1,I14),"")))) | L14: =IF(T14="","",IF(V14=1,SUMIFS(OP_Wtot,OP_Space,B14,OP_DedSk,"نعم"),0)) | N14: =IF(OR(T14="",J14=""),"",N(L14)+N(M14)) | O14: =IF(OR(T14="",J14=""),"",J14-N14) | P14: =IF(D14="","",IFERROR(IF(INDEX(LinUnit,MATCH(D14,LinMat,0))="","م.ط",INDEX(LinUnit,MATCH(D14,LinMat,0))),"م.ط")) | S14: =IF(T14="","",IF(U14=1,"تكرار — غير محتسب",IF(B14="","ناقص بيانات: كود الفراغ",IF(COUNTIF(SpaceCodes,B14)=0,"ناقص بيانات: الفراغ غير مسجل",IF(D14="","ناقص بيانات: نوع البند",IF(J14="","ناقص قياس",IF(N14>J14+0.000001,"خطأ خصم: الخصم أكبر من الإجمالي",IF(AND(K14="نعم",V14=0),"تنبيه خصم: خصم تلقائي مكرر للفراغ — غير مطبق",IF(Q14="نعم","يحتاج مراجعة","مكتمل"))))))))) | T14: =IF(COUNTA(B14,D14:I14,M14)=0,"",B14&"|"&D14&"|"&E14&"|"&F14&"|"&G14&"|"&H14) | U14: =IF(T14="",0,IF(SUMPRODUCT(--(T$4:T14=T14))>1,1,0)) -> 0 | V14: =IF(OR(T14="",U14=1,B14="",K14<>"نعم"),0,IF(COUNTIFS(B$4:B14,B14,K$4:K14,"نعم",U$4:U14,0)=1,1,0)) -> 0
A15: 12 | C15: =IF(B15="","",IFERROR(INDEX(SpaceNames,MATCH(B15,SpaceCodes,0))&"","")) | J15: =IF(T15="","",IF(U15=1,0,IF(H15<>"",H15*IF(I15="",1,I15),IF(AND(F15<>"",G15<>""),2*(F15+G15)*IF(I15="",1,I15),"")))) | L15: =IF(T15="","",IF(V15=1,SUMIFS(OP_Wtot,OP_Space,B15,OP_DedSk,"نعم"),0)) | N15: =IF(OR(T15="",J15=""),"",N(L15)+N(M15)) | O15: =IF(OR(T15="",J15=""),"",J15-N15) | P15: =IF(D15="","",IFERROR(IF(INDEX(LinUnit,MATCH(D15,LinMat,0))="","م.ط",INDEX(LinUnit,MATCH(D15,LinMat,0))),"م.ط")) | S15: =IF(T15="","",IF(U15=1,"تكرار — غير محتسب",IF(B15="","ناقص بيانات: كود الفراغ",IF(COUNTIF(SpaceCodes,B15)=0,"ناقص بيانات: الفراغ غير مسجل",IF(D15="","ناقص بيانات: نوع البند",IF(J15="","ناقص قياس",IF(N15>J15+0.000001,"خطأ خصم: الخصم أكبر من الإجمالي",IF(AND(K15="نعم",V15=0),"تنبيه خصم: خصم تلقائي مكرر للفراغ — غير مطبق",IF(Q15="نعم","يحتاج مراجعة","مكتمل"))))))))) | T15: =IF(COUNTA(B15,D15:I15,M15)=0,"",B15&"|"&D15&"|"&E15&"|"&F15&"|"&G15&"|"&H15) | U15: =IF(T15="",0,IF(SUMPRODUCT(--(T$4:T15=T15))>1,1,0)) -> 0 | V15: =IF(OR(T15="",U15=1,B15="",K15<>"نعم"),0,IF(COUNTIFS(B$4:B15,B15,K$4:K15,"نعم",U$4:U15,0)=1,1,0)) -> 0
... A303: 300 | C303: =IF(B303="","",IFERROR(INDEX(SpaceNames,MATCH(B303,SpaceCodes,0))&"","")) | J303: =IF(T303="","",IF(U303=1,0,IF(H303<>"",H303*IF(I303="",1,I303),IF(AND(F303<>"",G303<>""),2*(F303+G303)*IF(I303="",1,I303),"")))) | L303: =IF(T303="","",IF(V303=1,SUMIFS(OP_Wtot,OP_Space,B303,OP_DedSk,"نعم"),0)) | N303: =IF(OR(T303="",J303=""),"",N(L303)+N(M303)) | O303: =IF(OR(T303="",J303=""),"",J303-N303) | P303: =IF(D303="","",IFERROR(IF(INDEX(LinUnit,MATCH(D303,LinMat,0))="","م.ط",INDEX(LinUnit,MATCH(D303,LinMat,0))),"م.ط")) | S303: =IF(T303="","",IF(U303=1,"تكرار — غير محتسب",IF(B303="","ناقص بيانات: كود الفراغ",IF(COUNTIF(SpaceCodes,B303)=0,"ناقص بيانات: الفراغ غير مسجل",IF(D303="","ناقص بيانات: نوع البند",IF(J303="","ناقص قياس",IF(N303>J303+0.000001,"خطأ خصم: الخصم أكبر من الإجمالي",IF(AND(K303="نعم",V303=0),"تنبيه خصم: خصم تلقائي مكرر للفراغ — غير مطبق",IF(Q303="نعم","يحتاج مراجعة","مكتمل"))))))))) | T303: =IF(COUNTA(B303,D303:I303,M303)=0,"",B303&"|"&D303&"|"&E303&"|"&F303&"|"&G303&"|"&H303) | U303: =IF(T303="",0,IF(SUMPRODUCT(--(T$4:T303=T303))>1,1,0)) -> 0 | V303: =IF(OR(T303="",U303=1,B303="",K303<>"نعم"),0,IF(COUNTIFS(B$4:B303,B303,K$4:K303,"نعم",U$4:U303,0)=1,1,0)) -> 0

Sheet حصر الأسقف
A1: حصر الأسقف — صف لكل جزء من سقف الفراغ (الوحدة الأساسية: م²)
A2: إجمالي الصفوف الظاهرة بعد الفلتر (م² فقط) ← | M2: =SUMPRODUCT(SUBTOTAL(109,OFFSET(M$4,ROW(M$4:M$303)-ROW(M$4),0)),--(O$4:O$303="م²")) -> 0 | R2: ="غير مكتمل: "&(COUNTIF(R$4:R$303,"?*")-COUNTIF(R$4:R$303,"مكتمل")) -> غير مكتمل: 0
A3: م | B3: كود الفراغ | C3: اسم الفراغ | D3: نوع السقف | E3: الخامة / المواصفة | F3: حالة السقف | G3: وصف الجزء | H3: الطول (م) | I3: العرض (م) | J3: عدد التكرارات (فارغ = 1) | K3: المساحة المباشرة (اختياري) | L3: يُحتسب؟ (فارغ = نعم) | M3: المساحة المحسوبة | N3: إجمالي الفراغ لنفس الخامة | O3: الوحدة | P3: يحتاج مراجعة؟ | Q3: ملاحظات | R3: الحالة | S3: مفتاح | T3: تكرار
A4: 1 | C4: =IF(B4="","",IFERROR(INDEX(SpaceNames,MATCH(B4,SpaceCodes,0))&"","")) | M4: =IF(S4="","",IF(OR(L4="لا",T4=1),0,IF(K4<>"",K4*IF(J4="",1,J4),IF(AND(H4<>"",I4<>""),H4*I4*IF(J4="",1,J4),"")))) | N4: =IF(OR(S4="",B4="",D4=""),"",SUMIFS(CL_Net,CL_Space,B4,CL_Mat,D4)) | O4: =IF(D4="","",IFERROR(IF(INDEX(CeilUnit,MATCH(D4,CeilMat,0))="","م²",INDEX(CeilUnit,MATCH(D4,CeilMat,0))),"م²")) | R4: =IF(S4="","",IF(T4=1,"تكرار — غير محتسب",IF(B4="","ناقص بيانات: كود الفراغ",IF(COUNTIF(SpaceCodes,B4)=0,"ناقص بيانات: الفراغ غير مسجل",IF(D4="","ناقص بيانات: الخامة",IF(AND(K4="",OR(H4="",I4="")),"ناقص قياس",IF(L4="لا","مستبعد من الحصر",IF(P4="نعم","يحتاج مراجعة","مكتمل")))))))) | S4: =IF(COUNTA(B4,D4:K4)=0,"",B4&"|"&D4&"|"&G4&"|"&H4&"|"&I4&"|"&K4) | T4: =IF(S4="",0,IF(SUMPRODUCT(--(S$4:S4=S4))>1,1,0)) -> 0
A5: 2 | C5: =IF(B5="","",IFERROR(INDEX(SpaceNames,MATCH(B5,SpaceCodes,0))&"","")) | M5: =IF(S5="","",IF(OR(L5="لا",T5=1),0,IF(K5<>"",K5*IF(J5="",1,J5),IF(AND(H5<>"",I5<>""),H5*I5*IF(J5="",1,J5),"")))) | N5: =IF(OR(S5="",B5="",D5=""),"",SUMIFS(CL_Net,CL_Space,B5,CL_Mat,D5)) | O5: =IF(D5="","",IFERROR(IF(INDEX(CeilUnit,MATCH(D5,CeilMat,0))="","م²",INDEX(CeilUnit,MATCH(D5,CeilMat,0))),"م²")) | R5: =IF(S5="","",IF(T5=1,"تكرار — غير محتسب",IF(B5="","ناقص بيانات: كود الفراغ",IF(COUNTIF(SpaceCodes,B5)=0,"ناقص بيانات: الفراغ غير مسجل",IF(D5="","ناقص بيانات: الخامة",IF(AND(K5="",OR(H5="",I5="")),"ناقص قياس",IF(L5="لا","مستبعد من الحصر",IF(P5="نعم","يحتاج مراجعة","مكتمل")))))))) | S5: =IF(COUNTA(B5,D5:K5)=0,"",B5&"|"&D5&"|"&G5&"|"&H5&"|"&I5&"|"&K5) | T5: =IF(S5="",0,IF(SUMPRODUCT(--(S$4:S5=S5))>1,1,0)) -> 0
A6: 3 | C6: =IF(B6="","",IFERROR(INDEX(SpaceNames,MATCH(B6,SpaceCodes,0))&"","")) | M6: =IF(S6="","",IF(OR(L6="لا",T6=1),0,IF(K6<>"",K6*IF(J6="",1,J6),IF(AND(H6<>"",I6<>""),H6*I6*IF(J6="",1,J6),"")))) | N6: =IF(OR(S6="",B6="",D6=""),"",SUMIFS(CL_Net,CL_Space,B6,CL_Mat,D6)) | O6: =IF(D6="","",IFERROR(IF(INDEX(CeilUnit,MATCH(D6,CeilMat,0))="","م²",INDEX(CeilUnit,MATCH(D6,CeilMat,0))),"م²")) | R6: =IF(S6="","",IF(T6=1,"تكرار — غير محتسب",IF(B6="","ناقص بيانات: كود الفراغ",IF(COUNTIF(SpaceCodes,B6)=0,"ناقص بيانات: الفراغ غير مسجل",IF(D6="","ناقص بيانات: الخامة",IF(AND(K6="",OR(H6="",I6="")),"ناقص قياس",IF(L6="لا","مستبعد من الحصر",IF(P6="نعم","يحتاج مراجعة","مكتمل")))))))) | S6: =IF(COUNTA(B6,D6:K6)=0,"",B6&"|"&D6&"|"&G6&"|"&H6&"|"&I6&"|"&K6) | T6: =IF(S6="",0,IF(SUMPRODUCT(--(S$4:S6=S6))>1,1,0)) -> 0
A7: 4 | C7: =IF(B7="","",IFERROR(INDEX(SpaceNames,MATCH(B7,SpaceCodes,0))&"","")) | M7: =IF(S7="","",IF(OR(L7="لا",T7=1),0,IF(K7<>"",K7*IF(J7="",1,J7),IF(AND(H7<>"",I7<>""),H7*I7*IF(J7="",1,J7),"")))) | N7: =IF(OR(S7="",B7="",D7=""),"",SUMIFS(CL_Net,CL_Space,B7,CL_Mat,D7)) | O7: =IF(D7="","",IFERROR(IF(INDEX(CeilUnit,MATCH(D7,CeilMat,0))="","م²",INDEX(CeilUnit,MATCH(D7,CeilMat,0))),"م²")) | R7: =IF(S7="","",IF(T7=1,"تكرار — غير محتسب",IF(B7="","ناقص بيانات: كود الفراغ",IF(COUNTIF(SpaceCodes,B7)=0,"ناقص بيانات: الفراغ غير مسجل",IF(D7="","ناقص بيانات: الخامة",IF(AND(K7="",OR(H7="",I7="")),"ناقص قياس",IF(L7="لا","مستبعد من الحصر",IF(P7="نعم","يحتاج مراجعة","مكتمل")))))))) | S7: =IF(COUNTA(B7,D7:K7)=0,"",B7&"|"&D7&"|"&G7&"|"&H7&"|"&I7&"|"&K7) | T7: =IF(S7="",0,IF(SUMPRODUCT(--(S$4:S7=S7))>1,1,0)) -> 0
A8: 5 | C8: =IF(B8="","",IFERROR(INDEX(SpaceNames,MATCH(B8,SpaceCodes,0))&"","")) | M8: =IF(S8="","",IF(OR(L8="لا",T8=1),0,IF(K8<>"",K8*IF(J8="",1,J8),IF(AND(H8<>"",I8<>""),H8*I8*IF(J8="",1,J8),"")))) | N8: =IF(OR(S8="",B8="",D8=""),"",SUMIFS(CL_Net,CL_Space,B8,CL_Mat,D8)) | O8: =IF(D8="","",IFERROR(IF(INDEX(CeilUnit,MATCH(D8,CeilMat,0))="","م²",INDEX(CeilUnit,MATCH(D8,CeilMat,0))),"م²")) | R8: =IF(S8="","",IF(T8=1,"تكرار — غير محتسب",IF(B8="","ناقص بيانات: كود الفراغ",IF(COUNTIF(SpaceCodes,B8)=0,"ناقص بيانات: الفراغ غير مسجل",IF(D8="","ناقص بيانات: الخامة",IF(AND(K8="",OR(H8="",I8="")),"ناقص قياس",IF(L8="لا","مستبعد من الحصر",IF(P8="نعم","يحتاج مراجعة","مكتمل")))))))) | S8: =IF(COUNTA(B8,D8:K8)=0,"",B8&"|"&D8&"|"&G8&"|"&H8&"|"&I8&"|"&K8) | T8: =IF(S8="",0,IF(SUMPRODUCT(--(S$4:S8=S8))>1,1,0)) -> 0
A9: 6 | C9: =IF(B9="","",IFERROR(INDEX(SpaceNames,MATCH(B9,SpaceCodes,0))&"","")) | M9: =IF(S9="","",IF(OR(L9="لا",T9=1),0,IF(K9<>"",K9*IF(J9="",1,J9),IF(AND(H9<>"",I9<>""),H9*I9*IF(J9="",1,J9),"")))) | N9: =IF(OR(S9="",B9="",D9=""),"",SUMIFS(CL_Net,CL_Space,B9,CL_Mat,D9)) | O9: =IF(D9="","",IFERROR(IF(INDEX(CeilUnit,MATCH(D9,CeilMat,0))="","م²",INDEX(CeilUnit,MATCH(D9,CeilMat,0))),"م²")) | R9: =IF(S9="","",IF(T9=1,"تكرار — غير محتسب",IF(B9="","ناقص بيانات: كود الفراغ",IF(COUNTIF(SpaceCodes,B9)=0,"ناقص بيانات: الفراغ غير مسجل",IF(D9="","ناقص بيانات: الخامة",IF(AND(K9="",OR(H9="",I9="")),"ناقص قياس",IF(L9="لا","مستبعد من الحصر",IF(P9="نعم","يحتاج مراجعة","مكتمل")))))))) | S9: =IF(COUNTA(B9,D9:K9)=0,"",B9&"|"&D9&"|"&G9&"|"&H9&"|"&I9&"|"&K9) | T9: =IF(S9="",0,IF(SUMPRODUCT(--(S$4:S9=S9))>1,1,0)) -> 0
A10: 7 | C10: =IF(B10="","",IFERROR(INDEX(SpaceNames,MATCH(B10,SpaceCodes,0))&"","")) | M10: =IF(S10="","",IF(OR(L10="لا",T10=1),0,IF(K10<>"",K10*IF(J10="",1,J10),IF(AND(H10<>"",I10<>""),H10*I10*IF(J10="",1,J10),"")))) | N10: =IF(OR(S10="",B10="",D10=""),"",SUMIFS(CL_Net,CL_Space,B10,CL_Mat,D10)) | O10: =IF(D10="","",IFERROR(IF(INDEX(CeilUnit,MATCH(D10,CeilMat,0))="","م²",INDEX(CeilUnit,MATCH(D10,CeilMat,0))),"م²")) | R10: =IF(S10="","",IF(T10=1,"تكرار — غير محتسب",IF(B10="","ناقص بيانات: كود الفراغ",IF(COUNTIF(SpaceCodes,B10)=0,"ناقص بيانات: الفراغ غير مسجل",IF(D10="","ناقص بيانات: الخامة",IF(AND(K10="",OR(H10="",I10="")),"ناقص قياس",IF(L10="لا","مستبعد من الحصر",IF(P10="نعم","يحتاج مراجعة","مكتمل")))))))) | S10: =IF(COUNTA(B10,D10:K10)=0,"",B10&"|"&D10&"|"&G10&"|"&H10&"|"&I10&"|"&K10) | T10: =IF(S10="",0,IF(SUMPRODUCT(--(S$4:S10=S10))>1,1,0)) -> 0
A11: 8 | C11: =IF(B11="","",IFERROR(INDEX(SpaceNames,MATCH(B11,SpaceCodes,0))&"","")) | M11: =IF(S11="","",IF(OR(L11="لا",T11=1),0,IF(K11<>"",K11*IF(J11="",1,J11),IF(AND(H11<>"",I11<>""),H11*I11*IF(J11="",1,J11),"")))) | N11: =IF(OR(S11="",B11="",D11=""),"",SUMIFS(CL_Net,CL_Space,B11,CL_Mat,D11)) | O11: =IF(D11="","",IFERROR(IF(INDEX(CeilUnit,MATCH(D11,CeilMat,0))="","م²",INDEX(CeilUnit,MATCH(D11,CeilMat,0))),"م²")) | R11: =IF(S11="","",IF(T11=1,"تكرار — غير محتسب",IF(B11="","ناقص بيانات: كود الفراغ",IF(COUNTIF(SpaceCodes,B11)=0,"ناقص بيانات: الفراغ غير مسجل",IF(D11="","ناقص بيانات: الخامة",IF(AND(K11="",OR(H11="",I11="")),"ناقص قياس",IF(L11="لا","مستبعد من الحصر",IF(P11="نعم","يحتاج مراجعة","مكتمل")))))))) | S11: =IF(COUNTA(B11,D11:K11)=0,"",B11&"|"&D11&"|"&G11&"|"&H11&"|"&I11&"|"&K11) | T11: =IF(S11="",0,IF(SUMPRODUCT(--(S$4:S11=S11))>1,1,0)) -> 0
A12: 9 | C12: =IF(B12="","",IFERROR(INDEX(SpaceNames,MATCH(B12,SpaceCodes,0))&"","")) | M12: =IF(S12="","",IF(OR(L12="لا",T12=1),0,IF(K12<>"",K12*IF(J12="",1,J12),IF(AND(H12<>"",I12<>""),H12*I12*IF(J12="",1,J12),"")))) | N12: =IF(OR(S12="",B12="",D12=""),"",SUMIFS(CL_Net,CL_Space,B12,CL_Mat,D12)) | O12: =IF(D12="","",IFERROR(IF(INDEX(CeilUnit,MATCH(D12,CeilMat,0))="","م²",INDEX(CeilUnit,MATCH(D12,CeilMat,0))),"م²")) | R12: =IF(S12="","",IF(T12=1,"تكرار — غير محتسب",IF(B12="","ناقص بيانات: كود الفراغ",IF(COUNTIF(SpaceCodes,B12)=0,"ناقص بيانات: الفراغ غير مسجل",IF(D12="","ناقص بيانات: الخامة",IF(AND(K12="",OR(H12="",I12="")),"ناقص قياس",IF(L12="لا","مستبعد من الحصر",IF(P12="نعم","يحتاج مراجعة","مكتمل")))))))) | S12: =IF(COUNTA(B12,D12:K12)=0,"",B12&"|"&D12&"|"&G12&"|"&H12&"|"&I12&"|"&K12) | T12: =IF(S12="",0,IF(SUMPRODUCT(--(S$4:S12=S12))>1,1,0)) -> 0
A13: 10 | C13: =IF(B13="","",IFERROR(INDEX(SpaceNames,MATCH(B13,SpaceCodes,0))&"","")) | M13: =IF(S13="","",IF(OR(L13="لا",T13=1),0,IF(K13<>"",K13*IF(J13="",1,J13),IF(AND(H13<>"",I13<>""),H13*I13*IF(J13="",1,J13),"")))) | N13: =IF(OR(S13="",B13="",D13=""),"",SUMIFS(CL_Net,CL_Space,B13,CL_Mat,D13)) | O13: =IF(D13="","",IFERROR(IF(INDEX(CeilUnit,MATCH(D13,CeilMat,0))="","م²",INDEX(CeilUnit,MATCH(D13,CeilMat,0))),"م²")) | R13: =IF(S13="","",IF(T13=1,"تكرار — غير محتسب",IF(B13="","ناقص بيانات: كود الفراغ",IF(COUNTIF(SpaceCodes,B13)=0,"ناقص بيانات: الفراغ غير مسجل",IF(D13="","ناقص بيانات: الخامة",IF(AND(K13="",OR(H13="",I13="")),"ناقص قياس",IF(L13="لا","مستبعد من الحصر",IF(P13="نعم","يحتاج مراجعة","مكتمل")))))))) | S13: =IF(COUNTA(B13,D13:K13)=0,"",B13&"|"&D13&"|"&G13&"|"&H13&"|"&I13&"|"&K13) | T13: =IF(S13="",0,IF(SUMPRODUCT(--(S$4:S13=S13))>1,1,0)) -> 0
A14: 11 | C14: =IF(B14="","",IFERROR(INDEX(SpaceNames,MATCH(B14,SpaceCodes,0))&"","")) | M14: =IF(S14="","",IF(OR(L14="لا",T14=1),0,IF(K14<>"",K14*IF(J14="",1,J14),IF(AND(H14<>"",I14<>""),H14*I14*IF(J14="",1,J14),"")))) | N14: =IF(OR(S14="",B14="",D14=""),"",SUMIFS(CL_Net,CL_Space,B14,CL_Mat,D14)) | O14: =IF(D14="","",IFERROR(IF(INDEX(CeilUnit,MATCH(D14,CeilMat,0))="","م²",INDEX(CeilUnit,MATCH(D14,CeilMat,0))),"م²")) | R14: =IF(S14="","",IF(T14=1,"تكرار — غير محتسب",IF(B14="","ناقص بيانات: كود الفراغ",IF(COUNTIF(SpaceCodes,B14)=0,"ناقص بيانات: الفراغ غير مسجل",IF(D14="","ناقص بيانات: الخامة",IF(AND(K14="",OR(H14="",I14="")),"ناقص قياس",IF(L14="لا","مستبعد من الحصر",IF(P14="نعم","يحتاج مراجعة","مكتمل")))))))) | S14: =IF(COUNTA(B14,D14:K14)=0,"",B14&"|"&D14&"|"&G14&"|"&H14&"|"&I14&"|"&K14) | T14: =IF(S14="",0,IF(SUMPRODUCT(--(S$4:S14=S14))>1,1,0)) -> 0
A15: 12 | C15: =IF(B15="","",IFERROR(INDEX(SpaceNames,MATCH(B15,SpaceCodes,0))&"","")) | M15: =IF(S15="","",IF(OR(L15="لا",T15=1),0,IF(K15<>"",K15*IF(J15="",1,J15),IF(AND(H15<>"",I15<>""),H15*I15*IF(J15="",1,J15),"")))) | N15: =IF(OR(S15="",B15="",D15=""),"",SUMIFS(CL_Net,CL_Space,B15,CL_Mat,D15)) | O15: =IF(D15="","",IFERROR(IF(INDEX(CeilUnit,MATCH(D15,CeilMat,0))="","م²",INDEX(CeilUnit,MATCH(D15,CeilMat,0))),"م²")) | R15: =IF(S15="","",IF(T15=1,"تكرار — غير محتسب",IF(B15="","ناقص بيانات: كود الفراغ",IF(COUNTIF(SpaceCodes,B15)=0,"ناقص بيانات: الفراغ غير مسجل",IF(D15="","ناقص بيانات: الخامة",IF(AND(K15="",OR(H15="",I15="")),"ناقص قياس",IF(L15="لا","مستبعد من الحصر",IF(P15="نعم","يحتاج مراجعة","مكتمل")))))))) | S15: =IF(COUNTA(B15,D15:K15)=0,"",B15&"|"&D15&"|"&G15&"|"&H15&"|"&I15&"|"&K15) | T15: =IF(S15="",0,IF(SUMPRODUCT(--(S$4:S15=S15))>1,1,0)) -> 0
... A303: 300 | C303: =IF(B303="","",IFERROR(INDEX(SpaceNames,MATCH(B303,SpaceCodes,0))&"","")) | M303: =IF(S303="","",IF(OR(L303="لا",T303=1),0,IF(K303<>"",K303*IF(J303="",1,J303),IF(AND(H303<>"",I303<>""),H303*I303*IF(J303="",1,J303),"")))) | N303: =IF(OR(S303="",B303="",D303=""),"",SUMIFS(CL_Net,CL_Space,B303,CL_Mat,D303)) | O303: =IF(D303="","",IFERROR(IF(INDEX(CeilUnit,MATCH(D303,CeilMat,0))="","م²",INDEX(CeilUnit,MATCH(D303,CeilMat,0))),"م²")) | R303: =IF(S303="","",IF(T303=1,"تكرار — غير محتسب",IF(B303="","ناقص بيانات: كود الفراغ",IF(COUNTIF(SpaceCodes,B303)=0,"ناقص بيانات: الفراغ غير مسجل",IF(D303="","ناقص بيانات: الخامة",IF(AND(K303="",OR(H303="",I303="")),"ناقص قياس",IF(L303="لا","مستبعد من الحصر",IF(P303="نعم","يحتاج مراجعة","مكتمل")))))))) | S303: =IF(COUNTA(B303,D303:K303)=0,"",B303&"|"&D303&"|"&G303&"|"&H303&"|"&I303&"|"&K303) | T303: =IF(S303="",0,IF(SUMPRODUCT(--(S$4:S303=S303))>1,1,0)) -> 0

Sheet حصر اللياسة والمحارة
A1: حصر اللياسة والمحارة — صف لكل حائط (الخصم = مساحة الفتحة × عدد الأوجه)
A2: إجمالي الصفوف الظاهرة بعد الفلتر (م² فقط) ← | I2: =SUMPRODUCT(SUBTOTAL(109,OFFSET(I$4,ROW(I$4:I$403)-ROW(I$4),0)),--(N$4:N$403="م²")) -> 0 | L2: =SUMPRODUCT(SUBTOTAL(109,OFFSET(L$4,ROW(L$4:L$403)-ROW(L$4),0)),--(N$4:N$403="م²")) -> 0 | M2: =SUMPRODUCT(SUBTOTAL(109,OFFSET(M$4,ROW(M$4:M$403)-ROW(M$4),0)),--(N$4:N$403="م²")) -> 0 | Q2: ="غير مكتمل: "&(COUNTIF(Q$4:Q$403,"?*")-COUNTIF(Q$4:Q$403,"مكتمل")) -> غير مكتمل: 0
A3: م | B3: كود الفراغ | C3: اسم الفراغ | D3: كود الحائط | E3: نوع البند | F3: طول الحائط (م) | G3: ارتفاع اللياسة (م) | H3: عدد الأوجه (فارغ = 1) | I3: المساحة الإجمالية | J3: خصم الفتحات (تلقائي) | K3: خصومات أخرى (يدوي) | L3: إجمالي الخصومات | M3: المساحة الصافية | N3: الوحدة | O3: يحتاج مراجعة؟ | P3: ملاحظات | Q3: الحالة | R3: مفتاح | S3: تكرار | T3: أوجه فعالة
A4: 1 | C4: =IF(B4="","",IFERROR(INDEX(SpaceNames,MATCH(B4,SpaceCodes,0))&"","")) | I4: =IF(R4="","",IF(S4=1,0,IF(AND(F4<>"",G4<>""),F4*G4*IF(H4="",1,H4),""))) | J4: =IF(R4="","",IF(T4=0,0,T4*SUMIFS(OP_Area,OP_Space,B4,OP_Wall,D4,OP_DedPl,"نعم"))) | L4: =IF(OR(R4="",I4=""),"",N(J4)+N(K4)) | M4: =IF(OR(R4="",I4=""),"",I4-L4) | N4: =IF(E4="","",IFERROR(IF(INDEX(PlUnit,MATCH(E4,PlMat,0))="","م²",INDEX(PlUnit,MATCH(E4,PlMat,0))),"م²")) | Q4: =IF(R4="","",IF(S4=1,"تكرار — غير محتسب",IF(B4="","ناقص بيانات: كود الفراغ",IF(COUNTIF(SpaceCodes,B4)=0,"ناقص بيانات: الفراغ غير مسجل",IF(D4="","ناقص بيانات: كود الحائط",IF(E4="","ناقص بيانات: نوع البند",IF(I4="","ناقص قياس",IF(L4>I4+0.000001,"خطأ خصم: الخصم أكبر من الإجمالي",IF(O4="نعم","يحتاج مراجعة","مكتمل"))))))))) | R4: =IF(COUNTA(B4,D4:H4,K4)=0,"",B4&"|"&D4&"|"&E4) | S4: =IF(OR(R4="",D4=""),0,IF(SUMPRODUCT(--(R$4:R4=R4))>1,1,0)) -> 0 | T4: =IF(OR(R4="",S4=1,B4="",D4=""),0,IF(H4="",1,H4)) -> 0
A5: 2 | C5: =IF(B5="","",IFERROR(INDEX(SpaceNames,MATCH(B5,SpaceCodes,0))&"","")) | I5: =IF(R5="","",IF(S5=1,0,IF(AND(F5<>"",G5<>""),F5*G5*IF(H5="",1,H5),""))) | J5: =IF(R5="","",IF(T5=0,0,T5*SUMIFS(OP_Area,OP_Space,B5,OP_Wall,D5,OP_DedPl,"نعم"))) | L5: =IF(OR(R5="",I5=""),"",N(J5)+N(K5)) | M5: =IF(OR(R5="",I5=""),"",I5-L5) | N5: =IF(E5="","",IFERROR(IF(INDEX(PlUnit,MATCH(E5,PlMat,0))="","م²",INDEX(PlUnit,MATCH(E5,PlMat,0))),"م²")) | Q5: =IF(R5="","",IF(S5=1,"تكرار — غير محتسب",IF(B5="","ناقص بيانات: كود الفراغ",IF(COUNTIF(SpaceCodes,B5)=0,"ناقص بيانات: الفراغ غير مسجل",IF(D5="","ناقص بيانات: كود الحائط",IF(E5="","ناقص بيانات: نوع البند",IF(I5="","ناقص قياس",IF(L5>I5+0.000001,"خطأ خصم: الخصم أكبر من الإجمالي",IF(O5="نعم","يحتاج مراجعة","مكتمل"))))))))) | R5: =IF(COUNTA(B5,D5:H5,K5)=0,"",B5&"|"&D5&"|"&E5) | S5: =IF(OR(R5="",D5=""),0,IF(SUMPRODUCT(--(R$4:R5=R5))>1,1,0)) -> 0 | T5: =IF(OR(R5="",S5=1,B5="",D5=""),0,IF(H5="",1,H5)) -> 0
A6: 3 | C6: =IF(B6="","",IFERROR(INDEX(SpaceNames,MATCH(B6,SpaceCodes,0))&"","")) | I6: =IF(R6="","",IF(S6=1,0,IF(AND(F6<>"",G6<>""),F6*G6*IF(H6="",1,H6),""))) | J6: =IF(R6="","",IF(T6=0,0,T6*SUMIFS(OP_Area,OP_Space,B6,OP_Wall,D6,OP_DedPl,"نعم"))) | L6: =IF(OR(R6="",I6=""),"",N(J6)+N(K6)) | M6: =IF(OR(R6="",I6=""),"",I6-L6) | N6: =IF(E6="","",IFERROR(IF(INDEX(PlUnit,MATCH(E6,PlMat,0))="","م²",INDEX(PlUnit,MATCH(E6,PlMat,0))),"م²")) | Q6: =IF(R6="","",IF(S6=1,"تكرار — غير محتسب",IF(B6="","ناقص بيانات: كود الفراغ",IF(COUNTIF(SpaceCodes,B6)=0,"ناقص بيانات: الفراغ غير مسجل",IF(D6="","ناقص بيانات: كود الحائط",IF(E6="","ناقص بيانات: نوع البند",IF(I6="","ناقص قياس",IF(L6>I6+0.000001,"خطأ خصم: الخصم أكبر من الإجمالي",IF(O6="نعم","يحتاج مراجعة","مكتمل"))))))))) | R6: =IF(COUNTA(B6,D6:H6,K6)=0,"",B6&"|"&D6&"|"&E6) | S6: =IF(OR(R6="",D6=""),0,IF(SUMPRODUCT(--(R$4:R6=R6))>1,1,0)) -> 0 | T6: =IF(OR(R6="",S6=1,B6="",D6=""),0,IF(H6="",1,H6)) -> 0
A7: 4 | C7: =IF(B7="","",IFERROR(INDEX(SpaceNames,MATCH(B7,SpaceCodes,0))&"","")) | I7: =IF(R7="","",IF(S7=1,0,IF(AND(F7<>"",G7<>""),F7*G7*IF(H7="",1,H7),""))) | J7: =IF(R7="","",IF(T7=0,0,T7*SUMIFS(OP_Area,OP_Space,B7,OP_Wall,D7,OP_DedPl,"نعم"))) | L7: =IF(OR(R7="",I7=""),"",N(J7)+N(K7)) | M7: =IF(OR(R7="",I7=""),"",I7-L7) | N7: =IF(E7="","",IFERROR(IF(INDEX(PlUnit,MATCH(E7,PlMat,0))="","م²",INDEX(PlUnit,MATCH(E7,PlMat,0))),"م²")) | Q7: =IF(R7="","",IF(S7=1,"تكرار — غير محتسب",IF(B7="","ناقص بيانات: كود الفراغ",IF(COUNTIF(SpaceCodes,B7)=0,"ناقص بيانات: الفراغ غير مسجل",IF(D7="","ناقص بيانات: كود الحائط",IF(E7="","ناقص بيانات: نوع البند",IF(I7="","ناقص قياس",IF(L7>I7+0.000001,"خطأ خصم: الخصم أكبر من الإجمالي",IF(O7="نعم","يحتاج مراجعة","مكتمل"))))))))) | R7: =IF(COUNTA(B7,D7:H7,K7)=0,"",B7&"|"&D7&"|"&E7) | S7: =IF(OR(R7="",D7=""),0,IF(SUMPRODUCT(--(R$4:R7=R7))>1,1,0)) -> 0 | T7: =IF(OR(R7="",S7=1,B7="",D7=""),0,IF(H7="",1,H7)) -> 0
A8: 5 | C8: =IF(B8="","",IFERROR(INDEX(SpaceNames,MATCH(B8,SpaceCodes,0))&"","")) | I8: =IF(R8="","",IF(S8=1,0,IF(AND(F8<>"",G8<>""),F8*G8*IF(H8="",1,H8),""))) | J8: =IF(R8="","",IF(T8=0,0,T8*SUMIFS(OP_Area,OP_Space,B8,OP_Wall,D8,OP_DedPl,"نعم"))) | L8: =IF(OR(R8="",I8=""),"",N(J8)+N(K8)) | M8: =IF(OR(R8="",I8=""),"",I8-L8) | N8: =IF(E8="","",IFERROR(IF(INDEX(PlUnit,MATCH(E8,PlMat,0))="","م²",INDEX(PlUnit,MATCH(E8,PlMat,0))),"م²")) | Q8: =IF(R8="","",IF(S8=1,"تكرار — غير محتسب",IF(B8="","ناقص بيانات: كود الفراغ",IF(COUNTIF(SpaceCodes,B8)=0,"ناقص بيانات: الفراغ غير مسجل",IF(D8="","ناقص بيانات: كود الحائط",IF(E8="","ناقص بيانات: نوع البند",IF(I8="","ناقص قياس",IF(L8>I8+0.000001,"خطأ خصم: الخصم أكبر من الإجمالي",IF(O8="نعم","يحتاج مراجعة","مكتمل"))))))))) | R8: =IF(COUNTA(B8,D8:H8,K8)=0,"",B8&"|"&D8&"|"&E8) | S8: =IF(OR(R8="",D8=""),0,IF(SUMPRODUCT(--(R$4:R8=R8))>1,1,0)) -> 0 | T8: =IF(OR(R8="",S8=1,B8="",D8=""),0,IF(H8="",1,H8)) -> 0
A9: 6 | C9: =IF(B9="","",IFERROR(INDEX(SpaceNames,MATCH(B9,SpaceCodes,0))&"","")) | I9: =IF(R9="","",IF(S9=1,0,IF(AND(F9<>"",G9<>""),F9*G9*IF(H9="",1,H9),""))) | J9: =IF(R9="","",IF(T9=0,0,T9*SUMIFS(OP_Area,OP_Space,B9,OP_Wall,D9,OP_DedPl,"نعم"))) | L9: =IF(OR(R9="",I9=""),"",N(J9)+N(K9)) | M9: =IF(OR(R9="",I9=""),"",I9-L9) | N9: =IF(E9="","",IFERROR(IF(INDEX(PlUnit,MATCH(E9,PlMat,0))="","م²",INDEX(PlUnit,MATCH(E9,PlMat,0))),"م²")) | Q9: =IF(R9="","",IF(S9=1,"تكرار — غير محتسب",IF(B9="","ناقص بيانات: كود الفراغ",IF(COUNTIF(SpaceCodes,B9)=0,"ناقص بيانات: الفراغ غير مسجل",IF(D9="","ناقص بيانات: كود الحائط",IF(E9="","ناقص بيانات: نوع البند",IF(I9="","ناقص قياس",IF(L9>I9+0.000001,"خطأ خصم: الخصم أكبر من الإجمالي",IF(O9="نعم","يحتاج مراجعة","مكتمل"))))))))) | R9: =IF(COUNTA(B9,D9:H9,K9)=0,"",B9&"|"&D9&"|"&E9) | S9: =IF(OR(R9="",D9=""),0,IF(SUMPRODUCT(--(R$4:R9=R9))>1,1,0)) -> 0 | T9: =IF(OR(R9="",S9=1,B9="",D9=""),0,IF(H9="",1,H9)) -> 0
A10: 7 | C10: =IF(B10="","",IFERROR(INDEX(SpaceNames,MATCH(B10,SpaceCodes,0))&"","")) | I10: =IF(R10="","",IF(S10=1,0,IF(AND(F10<>"",G10<>""),F10*G10*IF(H10="",1,H10),""))) | J10: =IF(R10="","",IF(T10=0,0,T10*SUMIFS(OP_Area,OP_Space,B10,OP_Wall,D10,OP_DedPl,"نعم"))) | L10: =IF(OR(R10="",I10=""),"",N(J10)+N(K10)) | M10: =IF(OR(R10="",I10=""),"",I10-L10) | N10: =IF(E10="","",IFERROR(IF(INDEX(PlUnit,MATCH(E10,PlMat,0))="","م²",INDEX(PlUnit,MATCH(E10,PlMat,0))),"م²")) | Q10: =IF(R10="","",IF(S10=1,"تكرار — غير محتسب",IF(B10="","ناقص بيانات: كود الفراغ",IF(COUNTIF(SpaceCodes,B10)=0,"ناقص بيانات: الفراغ غير مسجل",IF(D10="","ناقص بيانات: كود الحائط",IF(E10="","ناقص بيانات: نوع البند",IF(I10="","ناقص قياس",IF(L10>I10+0.000001,"خطأ خصم: الخصم أكبر من الإجمالي",IF(O10="نعم","يحتاج مراجعة","مكتمل"))))))))) | R10: =IF(COUNTA(B10,D10:H10,K10)=0,"",B10&"|"&D10&"|"&E10) | S10: =IF(OR(R10="",D10=""),0,IF(SUMPRODUCT(--(R$4:R10=R10))>1,1,0)) -> 0 | T10: =IF(OR(R10="",S10=1,B10="",D10=""),0,IF(H10="",1,H10)) -> 0
A11: 8 | C11: =IF(B11="","",IFERROR(INDEX(SpaceNames,MATCH(B11,SpaceCodes,0))&"","")) | I11: =IF(R11="","",IF(S11=1,0,IF(AND(F11<>"",G11<>""),F11*G11*IF(H11="",1,H11),""))) | J11: =IF(R11="","",IF(T11=0,0,T11*SUMIFS(OP_Area,OP_Space,B11,OP_Wall,D11,OP_DedPl,"نعم"))) | L11: =IF(OR(R11="",I11=""),"",N(J11)+N(K11)) | M11: =IF(OR(R11="",I11=""),"",I11-L11) | N11: =IF(E11="","",IFERROR(IF(INDEX(PlUnit,MATCH(E11,PlMat,0))="","م²",INDEX(PlUnit,MATCH(E11,PlMat,0))),"م²")) | Q11: =IF(R11="","",IF(S11=1,"تكرار — غير محتسب",IF(B11="","ناقص بيانات: كود الفراغ",IF(COUNTIF(SpaceCodes,B11)=0,"ناقص بيانات: الفراغ غير مسجل",IF(D11="","ناقص بيانات: كود الحائط",IF(E11="","ناقص بيانات: نوع البند",IF(I11="","ناقص قياس",IF(L11>I11+0.000001,"خطأ خصم: الخصم أكبر من الإجمالي",IF(O11="نعم","يحتاج مراجعة","مكتمل"))))))))) | R11: =IF(COUNTA(B11,D11:H11,K11)=0,"",B11&"|"&D11&"|"&E11) | S11: =IF(OR(R11="",D11=""),0,IF(SUMPRODUCT(--(R$4:R11=R11))>1,1,0)) -> 0 | T11: =IF(OR(R11="",S11=1,B11="",D11=""),0,IF(H11="",1,H11)) -> 0
A12: 9 | C12: =IF(B12="","",IFERROR(INDEX(SpaceNames,MATCH(B12,SpaceCodes,0))&"","")) | I12: =IF(R12="","",IF(S12=1,0,IF(AND(F12<>"",G12<>""),F12*G12*IF(H12="",1,H12),""))) | J12: =IF(R12="","",IF(T12=0,0,T12*SUMIFS(OP_Area,OP_Space,B12,OP_Wall,D12,OP_DedPl,"نعم"))) | L12: =IF(OR(R12="",I12=""),"",N(J12)+N(K12)) | M12: =IF(OR(R12="",I12=""),"",I12-L12) | N12: =IF(E12="","",IFERROR(IF(INDEX(PlUnit,MATCH(E12,PlMat,0))="","م²",INDEX(PlUnit,MATCH(E12,PlMat,0))),"م²")) | Q12: =IF(R12="","",IF(S12=1,"تكرار — غير محتسب",IF(B12="","ناقص بيانات: كود الفراغ",IF(COUNTIF(SpaceCodes,B12)=0,"ناقص بيانات: الفراغ غير مسجل",IF(D12="","ناقص بيانات: كود الحائط",IF(E12="","ناقص بيانات: نوع البند",IF(I12="","ناقص قياس",IF(L12>I12+0.000001,"خطأ خصم: الخصم أكبر من الإجمالي",IF(O12="نعم","يحتاج مراجعة","مكتمل"))))))))) | R12: =IF(COUNTA(B12,D12:H12,K12)=0,"",B12&"|"&D12&"|"&E12) | S12: =IF(OR(R12="",D12=""),0,IF(SUMPRODUCT(--(R$4:R12=R12))>1,1,0)) -> 0 | T12: =IF(OR(R12="",S12=1,B12="",D12=""),0,IF(H12="",1,H12)) -> 0
A13: 10 | C13: =IF(B13="","",IFERROR(INDEX(SpaceNames,MATCH(B13,SpaceCodes,0))&"","")) | I13: =IF(R13="","",IF(S13=1,0,IF(AND(F13<>"",G13<>""),F13*G13*IF(H13="",1,H13),""))) | J13: =IF(R13="","",IF(T13=0,0,T13*SUMIFS(OP_Area,OP_Space,B13,OP_Wall,D13,OP_DedPl,"نعم"))) | L13: =IF(OR(R13="",I13=""),"",N(J13)+N(K13)) | M13: =IF(OR(R13="",I13=""),"",I13-L13) | N13: =IF(E13="","",IFERROR(IF(INDEX(PlUnit,MATCH(E13,PlMat,0))="","م²",INDEX(PlUnit,MATCH(E13,PlMat,0))),"م²")) | Q13: =IF(R13="","",IF(S13=1,"تكرار — غير محتسب",IF(B13="","ناقص بيانات: كود الفراغ",IF(COUNTIF(SpaceCodes,B13)=0,"ناقص بيانات: الفراغ غير مسجل",IF(D13="","ناقص بيانات: كود الحائط",IF(E13="","ناقص بيانات: نوع البند",IF(I13="","ناقص قياس",IF(L13>I13+0.000001,"خطأ خصم: الخصم أكبر من الإجمالي",IF(O13="نعم","يحتاج مراجعة","مكتمل"))))))))) | R13: =IF(COUNTA(B13,D13:H13,K13)=0,"",B13&"|"&D13&"|"&E13) | S13: =IF(OR(R13="",D13=""),0,IF(SUMPRODUCT(--(R$4:R13=R13))>1,1,0)) -> 0 | T13: =IF(OR(R13="",S13=1,B13="",D13=""),0,IF(H13="",1,H13)) -> 0
A14: 11 | C14: =IF(B14="","",IFERROR(INDEX(SpaceNames,MATCH(B14,SpaceCodes,0))&"","")) | I14: =IF(R14="","",IF(S14=1,0,IF(AND(F14<>"",G14<>""),F14*G14*IF(H14="",1,H14),""))) | J14: =IF(R14="","",IF(T14=0,0,T14*SUMIFS(OP_Area,OP_Space,B14,OP_Wall,D14,OP_DedPl,"نعم"))) | L14: =IF(OR(R14="",I14=""),"",N(J14)+N(K14)) | M14: =IF(OR(R14="",I14=""),"",I14-L14) | N14: =IF(E14="","",IFERROR(IF(INDEX(PlUnit,MATCH(E14,PlMat,0))="","م²",INDEX(PlUnit,MATCH(E14,PlMat,0))),"م²")) | Q14: =IF(R14="","",IF(S14=1,"تكرار — غير محتسب",IF(B14="","ناقص بيانات: كود الفراغ",IF(COUNTIF(SpaceCodes,B14)=0,"ناقص بيانات: الفراغ غير مسجل",IF(D14="","ناقص بيانات: كود الحائط",IF(E14="","ناقص بيانات: نوع البند",IF(I14="","ناقص قياس",IF(L14>I14+0.000001,"خطأ خصم: الخصم أكبر من الإجمالي",IF(O14="نعم","يحتاج مراجعة","مكتمل"))))))))) | R14: =IF(COUNTA(B14,D14:H14,K14)=0,"",B14&"|"&D14&"|"&E14) | S14: =IF(OR(R14="",D14=""),0,IF(SUMPRODUCT(--(R$4:R14=R14))>1,1,0)) -> 0 | T14: =IF(OR(R14="",S14=1,B14="",D14=""),0,IF(H14="",1,H14)) -> 0
A15: 12 | C15: =IF(B15="","",IFERROR(INDEX(SpaceNames,MATCH(B15,SpaceCodes,0))&"","")) | I15: =IF(R15="","",IF(S15=1,0,IF(AND(F15<>"",G15<>""),F15*G15*IF(H15="",1,H15),""))) | J15: =IF(R15="","",IF(T15=0,0,T15*SUMIFS(OP_Area,OP_Space,B15,OP_Wall,D15,OP_DedPl,"نعم"))) | L15: =IF(OR(R15="",I15=""),"",N(J15)+N(K15)) | M15: =IF(OR(R15="",I15=""),"",I15-L15) | N15: =IF(E15="","",IFERROR(IF(INDEX(PlUnit,MATCH(E15,PlMat,0))="","م²",INDEX(PlUnit,MATCH(E15,PlMat,0))),"م²")) | Q15: =IF(R15="","",IF(S15=1,"تكرار — غير محتسب",IF(B15="","ناقص بيانات: كود الفراغ",IF(COUNTIF(SpaceCodes,B15)=0,"ناقص بيانات: الفراغ غير مسجل",IF(D15="","ناقص بيانات: كود الحائط",IF(E15="","ناقص بيانات: نوع البند",IF(I15="","ناقص قياس",IF(L15>I15+0.000001,"خطأ خصم: الخصم أكبر من الإجمالي",IF(O15="نعم","يحتاج مراجعة","مكتمل"))))))))) | R15: =IF(COUNTA(B15,D15:H15,K15)=0,"",B15&"|"&D15&"|"&E15) | S15: =IF(OR(R15="",D15=""),0,IF(SUMPRODUCT(--(R$4:R15=R15))>1,1,0)) -> 0 | T15: =IF(OR(R15="",S15=1,B15="",D15=""),0,IF(H15="",1,H15)) -> 0
... A403: 400 | C403: =IF(B403="","",IFERROR(INDEX(SpaceNames,MATCH(B403,SpaceCodes,0))&"","")) | I403: =IF(R403="","",IF(S403=1,0,IF(AND(F403<>"",G403<>""),F403*G403*IF(H403="",1,H403),""))) | J403: =IF(R403="","",IF(T403=0,0,T403*SUMIFS(OP_Area,OP_Space,B403,OP_Wall,D403,OP_DedPl,"نعم"))) | L403: =IF(OR(R403="",I403=""),"",N(J403)+N(K403)) | M403: =IF(OR(R403="",I403=""),"",I403-L403) | N403: =IF(E403="","",IFERROR(IF(INDEX(PlUnit,MATCH(E403,PlMat,0))="","م²",INDEX(PlUnit,MATCH(E403,PlMat,0))),"م²")) | Q403: =IF(R403="","",IF(S403=1,"تكرار — غير محتسب",IF(B403="","ناقص بيانات: كود الفراغ",IF(COUNTIF(SpaceCodes,B403)=0,"ناقص بيانات: الفراغ غير مسجل",IF(D403="","ناقص بيانات: كود الحائط",IF(E403="","ناقص بيانات: نوع البند",IF(I403="","ناقص قياس",IF(L403>I403+0.000001,"خطأ خصم: الخصم أكبر من الإجمالي",IF(O403="نعم","يحتاج مراجعة","مكتمل"))))))))) | R403: =IF(COUNTA(B403,D403:H403,K403)=0,"",B403&"|"&D403&"|"&E403) | S403: =IF(OR(R403="",D403=""),0,IF(SUMPRODUCT(--(R$4:R403=R403))>1,1,0)) -> 0 | T403: =IF(OR(R403="",S403=1,B403="",D403=""),0,IF(H403="",1,H403)) -> 0

Sheet ملخص الكميات حسب الفراغ
A1: ملخص الكميات حسب الفراغ — كل عمود بوحدة واحدة ولا تُجمع الوحدات المختلفة
A2: إجمالي الصفوف الظاهرة ← | E2: =SUBTOTAL(109,E$4:E$153) -> 0 | F2: =SUBTOTAL(109,F$4:F$153) -> 0 | G2: =SUBTOTAL(109,G$4:G$153) -> 0 | H2: =SUBTOTAL(109,H$4:H$153) -> 0 | I2: =SUBTOTAL(109,I$4:I$153) -> 0 | J2: =SUBTOTAL(109,J$4:J$153) -> 0 | K2: =SUBTOTAL(109,K$4:K$153) -> 0 | L2: =SUBTOTAL(109,L$4:L$153) -> 0 | ... R2: =SUBTOTAL(109,R$4:R$153) -> 0
A3: م | B3: كود الفراغ | C3: اسم الفراغ | D3: الدور | E3: الأرضيات (م²) | F3: الحوائط — إجمالي (م²) | G3: الحوائط — خصومات (م²) | H3: الحوائط — صافي (م²) | I3: الأسقف (م²) | J3: اللياسة — إجمالي (م²) | K3: اللياسة — خصومات (م²) | L3: اللياسة — صافي (م²) | M3: بنود طولية — إجمالي (م.ط) | N3: بنود طولية — خصومات (م.ط) | O3: بنود طولية — صافي (م.ط) | P3: بنود بالعدد (عدد) | Q3: عدد سجلات الفتحات | R3: سجلات ناقصة أو تحتاج مراجعة
A4: 1 | B4: =IF('سجل الفراغات'!B4="","",'سجل الفراغات'!B4) | C4: =IF($B4="","",'سجل الفراغات'!C4&"") | D4: =IF($B4="","",'سجل الفراغات'!D4&"") | E4: =IF($B4="","",SUMIFS(FL_Net,FL_Space,$B4,FL_Unit,"م²")) | F4: =IF($B4="","",SUMIFS(WL_Gross,WL_Space,$B4,WL_Unit,"م²")) | G4: =IF($B4="","",SUMIFS(WL_Ded,WL_Space,$B4,WL_Unit,"م²")) | H4: =IF($B4="","",SUMIFS(WL_Net,WL_Space,$B4,WL_Unit,"م²")) | I4: =IF($B4="","",SUMIFS(CL_Net,CL_Space,$B4,CL_Unit,"م²")) | J4: =IF($B4="","",SUMIFS(PL_Gross,PL_Space,$B4,PL_Unit,"م²")) | K4: =IF($B4="","",SUMIFS(PL_Ded,PL_Space,$B4,PL_Unit,"م²")) | L4: =IF($B4="","",SUMIFS(PL_Net,PL_Space,$B4,PL_Unit,"م²")) | M4: =IF($B4="","",SUMIFS(LN_Gross,LN_Space,$B4,LN_Unit,"م.ط")) | N4: =IF($B4="","",SUMIFS(LN_Ded,LN_Space,$B4,LN_Unit,"م.ط")) | O4: =IF($B4="","",SUMIFS(LN_Net,LN_Space,$B4,LN_Unit,"م.ط")) | P4: =IF($B4="","",SUMIFS(FL_Net,FL_Space,$B4,FL_Unit,"عدد")+SUMIFS(WL_Net,WL_Space,$B4,WL_Unit,"عدد")+SUMIFS(CL_Net,CL_Space,$B4,CL_Unit,"عدد")+SUMIFS(PL_Net,PL_Space,$B4,PL_Unit,"عدد")+SUMIFS(LN_Net,LN_Space,$B4,LN_Unit,"عدد")) | Q4: =IF($B4="","",COUNTIFS(OP_Space,$B4)) | R4: =IF($B4="","",COUNTIFS(FL_Space,$B4)-COUNTIFS(FL_Space,$B4,FL_Status,"مكتمل")-COUNTIFS(FL_Space,$B4,FL_Status,"مستبعد من الحصر")+COUNTIFS(CL_Space,$B4)-COUNTIFS(CL_Space,$B4,CL_Status,"مكتمل")-COUNTIFS(CL_Space,$B4,CL_Status,"مستبعد من الحصر")+COUNTIFS(WL_Space,$B4)-COUNTIFS(WL_Space,$B4,WL_Status,"مكتمل")+COUNTIFS(PL_Space,$B4)-COUNTIFS(PL_Space,$B4,PL_Status,"مكتمل")+COUNTIFS(LN_Space,$B4)-COUNTIFS(LN_Space,$B4,LN_Status,"مكتمل")+COUNTIFS(OP_Space,$B4)-COUNTIFS(OP_Space,$B4,OP_Status,"مكتمل"))
A5: 2 | B5: =IF('سجل الفراغات'!B5="","",'سجل الفراغات'!B5) | C5: =IF($B5="","",'سجل الفراغات'!C5&"") | D5: =IF($B5="","",'سجل الفراغات'!D5&"") | E5: =IF($B5="","",SUMIFS(FL_Net,FL_Space,$B5,FL_Unit,"م²")) | F5: =IF($B5="","",SUMIFS(WL_Gross,WL_Space,$B5,WL_Unit,"م²")) | G5: =IF($B5="","",SUMIFS(WL_Ded,WL_Space,$B5,WL_Unit,"م²")) | H5: =IF($B5="","",SUMIFS(WL_Net,WL_Space,$B5,WL_Unit,"م²")) | I5: =IF($B5="","",SUMIFS(CL_Net,CL_Space,$B5,CL_Unit,"م²")) | J5: =IF($B5="","",SUMIFS(PL_Gross,PL_Space,$B5,PL_Unit,"م²")) | K5: =IF($B5="","",SUMIFS(PL_Ded,PL_Space,$B5,PL_Unit,"م²")) | L5: =IF($B5="","",SUMIFS(PL_Net,PL_Space,$B5,PL_Unit,"م²")) | M5: =IF($B5="","",SUMIFS(LN_Gross,LN_Space,$B5,LN_Unit,"م.ط")) | N5: =IF($B5="","",SUMIFS(LN_Ded,LN_Space,$B5,LN_Unit,"م.ط")) | O5: =IF($B5="","",SUMIFS(LN_Net,LN_Space,$B5,LN_Unit,"م.ط")) | P5: =IF($B5="","",SUMIFS(FL_Net,FL_Space,$B5,FL_Unit,"عدد")+SUMIFS(WL_Net,WL_Space,$B5,WL_Unit,"عدد")+SUMIFS(CL_Net,CL_Space,$B5,CL_Unit,"عدد")+SUMIFS(PL_Net,PL_Space,$B5,PL_Unit,"عدد")+SUMIFS(LN_Net,LN_Space,$B5,LN_Unit,"عدد")) | Q5: =IF($B5="","",COUNTIFS(OP_Space,$B5)) | R5: =IF($B5="","",COUNTIFS(FL_Space,$B5)-COUNTIFS(FL_Space,$B5,FL_Status,"مكتمل")-COUNTIFS(FL_Space,$B5,FL_Status,"مستبعد من الحصر")+COUNTIFS(CL_Space,$B5)-COUNTIFS(CL_Space,$B5,CL_Status,"مكتمل")-COUNTIFS(CL_Space,$B5,CL_Status,"مستبعد من الحصر")+COUNTIFS(WL_Space,$B5)-COUNTIFS(WL_Space,$B5,WL_Status,"مكتمل")+COUNTIFS(PL_Space,$B5)-COUNTIFS(PL_Space,$B5,PL_Status,"مكتمل")+COUNTIFS(LN_Space,$B5)-COUNTIFS(LN_Space,$B5,LN_Status,"مكتمل")+COUNTIFS(OP_Space,$B5)-COUNTIFS(OP_Space,$B5,OP_Status,"مكتمل"))
A6: 3 | B6: =IF('سجل الفراغات'!B6="","",'سجل الفراغات'!B6) | C6: =IF($B6="","",'سجل الفراغات'!C6&"") | D6: =IF($B6="","",'سجل الفراغات'!D6&"") | E6: =IF($B6="","",SUMIFS(FL_Net,FL_Space,$B6,FL_Unit,"م²")) | F6: =IF($B6="","",SUMIFS(WL_Gross,WL_Space,$B6,WL_Unit,"م²")) | G6: =IF($B6="","",SUMIFS(WL_Ded,WL_Space,$B6,WL_Unit,"م²")) | H6: =IF($B6="","",SUMIFS(WL_Net,WL_Space,$B6,WL_Unit,"م²")) | I6: =IF($B6="","",SUMIFS(CL_Net,CL_Space,$B6,CL_Unit,"م²")) | J6: =IF($B6="","",SUMIFS(PL_Gross,PL_Space,$B6,PL_Unit,"م²")) | K6: =IF($B6="","",SUMIFS(PL_Ded,PL_Space,$B6,PL_Unit,"م²")) | L6: =IF($B6="","",SUMIFS(PL_Net,PL_Space,$B6,PL_Unit,"م²")) | M6: =IF($B6="","",SUMIFS(LN_Gross,LN_Space,$B6,LN_Unit,"م.ط")) | N6: =IF($B6="","",SUMIFS(LN_Ded,LN_Space,$B6,LN_Unit,"م.ط")) | O6: =IF($B6="","",SUMIFS(LN_Net,LN_Space,$B6,LN_Unit,"م.ط")) | P6: =IF($B6="","",SUMIFS(FL_Net,FL_Space,$B6,FL_Unit,"عدد")+SUMIFS(WL_Net,WL_Space,$B6,WL_Unit,"عدد")+SUMIFS(CL_Net,CL_Space,$B6,CL_Unit,"عدد")+SUMIFS(PL_Net,PL_Space,$B6,PL_Unit,"عدد")+SUMIFS(LN_Net,LN_Space,$B6,LN_Unit,"عدد")) | Q6: =IF($B6="","",COUNTIFS(OP_Space,$B6)) | R6: =IF($B6="","",COUNTIFS(FL_Space,$B6)-COUNTIFS(FL_Space,$B6,FL_Status,"مكتمل")-COUNTIFS(FL_Space,$B6,FL_Status,"مستبعد من الحصر")+COUNTIFS(CL_Space,$B6)-COUNTIFS(CL_Space,$B6,CL_Status,"مكتمل")-COUNTIFS(CL_Space,$B6,CL_Status,"مستبعد من الحصر")+COUNTIFS(WL_Space,$B6)-COUNTIFS(WL_Space,$B6,WL_Status,"مكتمل")+COUNTIFS(PL_Space,$B6)-COUNTIFS(PL_Space,$B6,PL_Status,"مكتمل")+COUNTIFS(LN_Space,$B6)-COUNTIFS(LN_Space,$B6,LN_Status,"مكتمل")+COUNTIFS(OP_Space,$B6)-COUNTIFS(OP_Space,$B6,OP_Status,"مكتمل"))
A7: 4 | B7: =IF('سجل الفراغات'!B7="","",'سجل الفراغات'!B7) | C7: =IF($B7="","",'سجل الفراغات'!C7&"") | D7: =IF($B7="","",'سجل الفراغات'!D7&"") | E7: =IF($B7="","",SUMIFS(FL_Net,FL_Space,$B7,FL_Unit,"م²")) | F7: =IF($B7="","",SUMIFS(WL_Gross,WL_Space,$B7,WL_Unit,"م²")) | G7: =IF($B7="","",SUMIFS(WL_Ded,WL_Space,$B7,WL_Unit,"م²")) | H7: =IF($B7="","",SUMIFS(WL_Net,WL_Space,$B7,WL_Unit,"م²")) | I7: =IF($B7="","",SUMIFS(CL_Net,CL_Space,$B7,CL_Unit,"م²")) | J7: =IF($B7="","",SUMIFS(PL_Gross,PL_Space,$B7,PL_Unit,"م²")) | K7: =IF($B7="","",SUMIFS(PL_Ded,PL_Space,$B7,PL_Unit,"م²")) | L7: =IF($B7="","",SUMIFS(PL_Net,PL_Space,$B7,PL_Unit,"م²")) | M7: =IF($B7="","",SUMIFS(LN_Gross,LN_Space,$B7,LN_Unit,"م.ط")) | N7: =IF($B7="","",SUMIFS(LN_Ded,LN_Space,$B7,LN_Unit,"م.ط")) | O7: =IF($B7="","",SUMIFS(LN_Net,LN_Space,$B7,LN_Unit,"م.ط")) | P7: =IF($B7="","",SUMIFS(FL_Net,FL_Space,$B7,FL_Unit,"عدد")+SUMIFS(WL_Net,WL_Space,$B7,WL_Unit,"عدد")+SUMIFS(CL_Net,CL_Space,$B7,CL_Unit,"عدد")+SUMIFS(PL_Net,PL_Space,$B7,PL_Unit,"عدد")+SUMIFS(LN_Net,LN_Space,$B7,LN_Unit,"عدد")) | Q7: =IF($B7="","",COUNTIFS(OP_Space,$B7)) | R7: =IF($B7="","",COUNTIFS(FL_Space,$B7)-COUNTIFS(FL_Space,$B7,FL_Status,"مكتمل")-COUNTIFS(FL_Space,$B7,FL_Status,"مستبعد من الحصر")+COUNTIFS(CL_Space,$B7)-COUNTIFS(CL_Space,$B7,CL_Status,"مكتمل")-COUNTIFS(CL_Space,$B7,CL_Status,"مستبعد من الحصر")+COUNTIFS(WL_Space,$B7)-COUNTIFS(WL_Space,$B7,WL_Status,"مكتمل")+COUNTIFS(PL_Space,$B7)-COUNTIFS(PL_Space,$B7,PL_Status,"مكتمل")+COUNTIFS(LN_Space,$B7)-COUNTIFS(LN_Space,$B7,LN_Status,"مكتمل")+COUNTIFS(OP_Space,$B7)-COUNTIFS(OP_Space,$B7,OP_Status,"مكتمل"))
A8: 5 | B8: =IF('سجل الفراغات'!B8="","",'سجل الفراغات'!B8) | C8: =IF($B8="","",'سجل الفراغات'!C8&"") | D8: =IF($B8="","",'سجل الفراغات'!D8&"") | E8: =IF($B8="","",SUMIFS(FL_Net,FL_Space,$B8,FL_Unit,"م²")) | F8: =IF($B8="","",SUMIFS(WL_Gross,WL_Space,$B8,WL_Unit,"م²")) | G8: =IF($B8="","",SUMIFS(WL_Ded,WL_Space,$B8,WL_Unit,"م²")) | H8: =IF($B8="","",SUMIFS(WL_Net,WL_Space,$B8,WL_Unit,"م²")) | I8: =IF($B8="","",SUMIFS(CL_Net,CL_Space,$B8,CL_Unit,"م²")) | J8: =IF($B8="","",SUMIFS(PL_Gross,PL_Space,$B8,PL_Unit,"م²")) | K8: =IF($B8="","",SUMIFS(PL_Ded,PL_Space,$B8,PL_Unit,"م²")) | L8: =IF($B8="","",SUMIFS(PL_Net,PL_Space,$B8,PL_Unit,"م²")) | M8: =IF($B8="","",SUMIFS(LN_Gross,LN_Space,$B8,LN_Unit,"م.ط")) | N8: =IF($B8="","",SUMIFS(LN_Ded,LN_Space,$B8,LN_Unit,"م.ط")) | O8: =IF($B8="","",SUMIFS(LN_Net,LN_Space,$B8,LN_Unit,"م.ط")) | P8: =IF($B8="","",SUMIFS(FL_Net,FL_Space,$B8,FL_Unit,"عدد")+SUMIFS(WL_Net,WL_Space,$B8,WL_Unit,"عدد")+SUMIFS(CL_Net,CL_Space,$B8,CL_Unit,"عدد")+SUMIFS(PL_Net,PL_Space,$B8,PL_Unit,"عدد")+SUMIFS(LN_Net,LN_Space,$B8,LN_Unit,"عدد")) | Q8: =IF($B8="","",COUNTIFS(OP_Space,$B8)) | R8: =IF($B8="","",COUNTIFS(FL_Space,$B8)-COUNTIFS(FL_Space,$B8,FL_Status,"مكتمل")-COUNTIFS(FL_Space,$B8,FL_Status,"مستبعد من الحصر")+COUNTIFS(CL_Space,$B8)-COUNTIFS(CL_Space,$B8,CL_Status,"مكتمل")-COUNTIFS(CL_Space,$B8,CL_Status,"مستبعد من الحصر")+COUNTIFS(WL_Space,$B8)-COUNTIFS(WL_Space,$B8,WL_Status,"مكتمل")+COUNTIFS(PL_Space,$B8)-COUNTIFS(PL_Space,$B8,PL_Status,"مكتمل")+COUNTIFS(LN_Space,$B8)-COUNTIFS(LN_Space,$B8,LN_Status,"مكتمل")+COUNTIFS(OP_Space,$B8)-COUNTIFS(OP_Space,$B8,OP_Status,"مكتمل"))
A9: 6 | B9: =IF('سجل الفراغات'!B9="","",'سجل الفراغات'!B9) | C9: =IF($B9="","",'سجل الفراغات'!C9&"") | D9: =IF($B9="","",'سجل الفراغات'!D9&"") | E9: =IF($B9="","",SUMIFS(FL_Net,FL_Space,$B9,FL_Unit,"م²")) | F9: =IF($B9="","",SUMIFS(WL_Gross,WL_Space,$B9,WL_Unit,"م²")) | G9: =IF($B9="","",SUMIFS(WL_Ded,WL_Space,$B9,WL_Unit,"م²")) | H9: =IF($B9="","",SUMIFS(WL_Net,WL_Space,$B9,WL_Unit,"م²")) | I9: =IF($B9="","",SUMIFS(CL_Net,CL_Space,$B9,CL_Unit,"م²")) | J9: =IF($B9="","",SUMIFS(PL_Gross,PL_Space,$B9,PL_Unit,"م²")) | K9: =IF($B9="","",SUMIFS(PL_Ded,PL_Space,$B9,PL_Unit,"م²")) | L9: =IF($B9="","",SUMIFS(PL_Net,PL_Space,$B9,PL_Unit,"م²")) | M9: =IF($B9="","",SUMIFS(LN_Gross,LN_Space,$B9,LN_Unit,"م.ط")) | N9: =IF($B9="","",SUMIFS(LN_Ded,LN_Space,$B9,LN_Unit,"م.ط")) | O9: =IF($B9="","",SUMIFS(LN_Net,LN_Space,$B9,LN_Unit,"م.ط")) | P9: =IF($B9="","",SUMIFS(FL_Net,FL_Space,$B9,FL_Unit,"عدد")+SUMIFS(WL_Net,WL_Space,$B9,WL_Unit,"عدد")+SUMIFS(CL_Net,CL_Space,$B9,CL_Unit,"عدد")+SUMIFS(PL_Net,PL_Space,$B9,PL_Unit,"عدد")+SUMIFS(LN_Net,LN_Space,$B9,LN_Unit,"عدد")) | Q9: =IF($B9="","",COUNTIFS(OP_Space,$B9)) | R9: =IF($B9="","",COUNTIFS(FL_Space,$B9)-COUNTIFS(FL_Space,$B9,FL_Status,"مكتمل")-COUNTIFS(FL_Space,$B9,FL_Status,"مستبعد من الحصر")+COUNTIFS(CL_Space,$B9)-COUNTIFS(CL_Space,$B9,CL_Status,"مكتمل")-COUNTIFS(CL_Space,$B9,CL_Status,"مستبعد من الحصر")+COUNTIFS(WL_Space,$B9)-COUNTIFS(WL_Space,$B9,WL_Status,"مكتمل")+COUNTIFS(PL_Space,$B9)-COUNTIFS(PL_Space,$B9,PL_Status,"مكتمل")+COUNTIFS(LN_Space,$B9)-COUNTIFS(LN_Space,$B9,LN_Status,"مكتمل")+COUNTIFS(OP_Space,$B9)-COUNTIFS(OP_Space,$B9,OP_Status,"مكتمل"))
A10: 7 | B10: =IF('سجل الفراغات'!B10="","",'سجل الفراغات'!B10) | C10: =IF($B10="","",'سجل الفراغات'!C10&"") | D10: =IF($B10="","",'سجل الفراغات'!D10&"") | E10: =IF($B10="","",SUMIFS(FL_Net,FL_Space,$B10,FL_Unit,"م²")) | F10: =IF($B10="","",SUMIFS(WL_Gross,WL_Space,$B10,WL_Unit,"م²")) | G10: =IF($B10="","",SUMIFS(WL_Ded,WL_Space,$B10,WL_Unit,"م²")) | H10: =IF($B10="","",SUMIFS(WL_Net,WL_Space,$B10,WL_Unit,"م²")) | I10: =IF($B10="","",SUMIFS(CL_Net,CL_Space,$B10,CL_Unit,"م²")) | J10: =IF($B10="","",SUMIFS(PL_Gross,PL_Space,$B10,PL_Unit,"م²")) | K10: =IF($B10="","",SUMIFS(PL_Ded,PL_Space,$B10,PL_Unit,"م²")) | L10: =IF($B10="","",SUMIFS(PL_Net,PL_Space,$B10,PL_Unit,"م²")) | M10: =IF($B10="","",SUMIFS(LN_Gross,LN_Space,$B10,LN_Unit,"م.ط")) | N10: =IF($B10="","",SUMIFS(LN_Ded,LN_Space,$B10,LN_Unit,"م.ط")) | O10: =IF($B10="","",SUMIFS(LN_Net,LN_Space,$B10,LN_Unit,"م.ط")) | P10: =IF($B10="","",SUMIFS(FL_Net,FL_Space,$B10,FL_Unit,"عدد")+SUMIFS(WL_Net,WL_Space,$B10,WL_Unit,"عدد")+SUMIFS(CL_Net,CL_Space,$B10,CL_Unit,"عدد")+SUMIFS(PL_Net,PL_Space,$B10,PL_Unit,"عدد")+SUMIFS(LN_Net,LN_Space,$B10,LN_Unit,"عدد")) | Q10: =IF($B10="","",COUNTIFS(OP_Space,$B10)) | R10: =IF($B10="","",COUNTIFS(FL_Space,$B10)-COUNTIFS(FL_Space,$B10,FL_Status,"مكتمل")-COUNTIFS(FL_Space,$B10,FL_Status,"مستبعد من الحصر")+COUNTIFS(CL_Space,$B10)-COUNTIFS(CL_Space,$B10,CL_Status,"مكتمل")-COUNTIFS(CL_Space,$B10,CL_Status,"مستبعد من الحصر")+COUNTIFS(WL_Space,$B10)-COUNTIFS(WL_Space,$B10,WL_Status,"مكتمل")+COUNTIFS(PL_Space,$B10)-COUNTIFS(PL_Space,$B10,PL_Status,"مكتمل")+COUNTIFS(LN_Space,$B10)-COUNTIFS(LN_Space,$B10,LN_Status,"مكتمل")+COUNTIFS(OP_Space,$B10)-COUNTIFS(OP_Space,$B10,OP_Status,"مكتمل"))
A11: 8 | B11: =IF('سجل الفراغات'!B11="","",'سجل الفراغات'!B11) | C11: =IF($B11="","",'سجل الفراغات'!C11&"") | D11: =IF($B11="","",'سجل الفراغات'!D11&"") | E11: =IF($B11="","",SUMIFS(FL_Net,FL_Space,$B11,FL_Unit,"م²")) | F11: =IF($B11="","",SUMIFS(WL_Gross,WL_Space,$B11,WL_Unit,"م²")) | G11: =IF($B11="","",SUMIFS(WL_Ded,WL_Space,$B11,WL_Unit,"م²")) | H11: =IF($B11="","",SUMIFS(WL_Net,WL_Space,$B11,WL_Unit,"م²")) | I11: =IF($B11="","",SUMIFS(CL_Net,CL_Space,$B11,CL_Unit,"م²")) | J11: =IF($B11="","",SUMIFS(PL_Gross,PL_Space,$B11,PL_Unit,"م²")) | K11: =IF($B11="","",SUMIFS(PL_Ded,PL_Space,$B11,PL_Unit,"م²")) | L11: =IF($B11="","",SUMIFS(PL_Net,PL_Space,$B11,PL_Unit,"م²")) | M11: =IF($B11="","",SUMIFS(LN_Gross,LN_Space,$B11,LN_Unit,"م.ط")) | N11: =IF($B11="","",SUMIFS(LN_Ded,LN_Space,$B11,LN_Unit,"م.ط")) | O11: =IF($B11="","",SUMIFS(LN_Net,LN_Space,$B11,LN_Unit,"م.ط")) | P11: =IF($B11="","",SUMIFS(FL_Net,FL_Space,$B11,FL_Unit,"عدد")+SUMIFS(WL_Net,WL_Space,$B11,WL_Unit,"عدد")+SUMIFS(CL_Net,CL_Space,$B11,CL_Unit,"عدد")+SUMIFS(PL_Net,PL_Space,$B11,PL_Unit,"عدد")+SUMIFS(LN_Net,LN_Space,$B11,LN_Unit,"عدد")) | Q11: =IF($B11="","",COUNTIFS(OP_Space,$B11)) | R11: =IF($B11="","",COUNTIFS(FL_Space,$B11)-COUNTIFS(FL_Space,$B11,FL_Status,"مكتمل")-COUNTIFS(FL_Space,$B11,FL_Status,"مستبعد من الحصر")+COUNTIFS(CL_Space,$B11)-COUNTIFS(CL_Space,$B11,CL_Status,"مكتمل")-COUNTIFS(CL_Space,$B11,CL_Status,"مستبعد من الحصر")+COUNTIFS(WL_Space,$B11)-COUNTIFS(WL_Space,$B11,WL_Status,"مكتمل")+COUNTIFS(PL_Space,$B11)-COUNTIFS(PL_Space,$B11,PL_Status,"مكتمل")+COUNTIFS(LN_Space,$B11)-COUNTIFS(LN_Space,$B11,LN_Status,"مكتمل")+COUNTIFS(OP_Space,$B11)-COUNTIFS(OP_Space,$B11,OP_Status,"مكتمل"))
A12: 9 | B12: =IF('سجل الفراغات'!B12="","",'سجل الفراغات'!B12) | C12: =IF($B12="","",'سجل الفراغات'!C12&"") | D12: =IF($B12="","",'سجل الفراغات'!D12&"") | E12: =IF($B12="","",SUMIFS(FL_Net,FL_Space,$B12,FL_Unit,"م²")) | F12: =IF($B12="","",SUMIFS(WL_Gross,WL_Space,$B12,WL_Unit,"م²")) | G12: =IF($B12="","",SUMIFS(WL_Ded,WL_Space,$B12,WL_Unit,"م²")) | H12: =IF($B12="","",SUMIFS(WL_Net,WL_Space,$B12,WL_Unit,"م²")) | I12: =IF($B12="","",SUMIFS(CL_Net,CL_Space,$B12,CL_Unit,"م²")) | J12: =IF($B12="","",SUMIFS(PL_Gross,PL_Space,$B12,PL_Unit,"م²")) | K12: =IF($B12="","",SUMIFS(PL_Ded,PL_Space,$B12,PL_Unit,"م²")) | L12: =IF($B12="","",SUMIFS(PL_Net,PL_Space,$B12,PL_Unit,"م²")) | M12: =IF($B12="","",SUMIFS(LN_Gross,LN_Space,$B12,LN_Unit,"م.ط")) | N12: =IF($B12="","",SUMIFS(LN_Ded,LN_Space,$B12,LN_Unit,"م.ط")) | O12: =IF($B12="","",SUMIFS(LN_Net,LN_Space,$B12,LN_Unit,"م.ط")) | P12: =IF($B12="","",SUMIFS(FL_Net,FL_Space,$B12,FL_Unit,"عدد")+SUMIFS(WL_Net,WL_Space,$B12,WL_Unit,"عدد")+SUMIFS(CL_Net,CL_Space,$B12,CL_Unit,"عدد")+SUMIFS(PL_Net,PL_Space,$B12,PL_Unit,"عدد")+SUMIFS(LN_Net,LN_Space,$B12,LN_Unit,"عدد")) | Q12: =IF($B12="","",COUNTIFS(OP_Space,$B12)) | R12: =IF($B12="","",COUNTIFS(FL_Space,$B12)-COUNTIFS(FL_Space,$B12,FL_Status,"مكتمل")-COUNTIFS(FL_Space,$B12,FL_Status,"مستبعد من الحصر")+COUNTIFS(CL_Space,$B12)-COUNTIFS(CL_Space,$B12,CL_Status,"مكتمل")-COUNTIFS(CL_Space,$B12,CL_Status,"مستبعد من الحصر")+COUNTIFS(WL_Space,$B12)-COUNTIFS(WL_Space,$B12,WL_Status,"مكتمل")+COUNTIFS(PL_Space,$B12)-COUNTIFS(PL_Space,$B12,PL_Status,"مكتمل")+COUNTIFS(LN_Space,$B12)-COUNTIFS(LN_Space,$B12,LN_Status,"مكتمل")+COUNTIFS(OP_Space,$B12)-COUNTIFS(OP_Space,$B12,OP_Status,"مكتمل"))
A13: 10 | B13: =IF('سجل الفراغات'!B13="","",'سجل الفراغات'!B13) | C13: =IF($B13="","",'سجل الفراغات'!C13&"") | D13: =IF($B13="","",'سجل الفراغات'!D13&"") | E13: =IF($B13="","",SUMIFS(FL_Net,FL_Space,$B13,FL_Unit,"م²")) | F13: =IF($B13="","",SUMIFS(WL_Gross,WL_Space,$B13,WL_Unit,"م²")) | G13: =IF($B13="","",SUMIFS(WL_Ded,WL_Space,$B13,WL_Unit,"م²")) | H13: =IF($B13="","",SUMIFS(WL_Net,WL_Space,$B13,WL_Unit,"م²")) | I13: =IF($B13="","",SUMIFS(CL_Net,CL_Space,$B13,CL_Unit,"م²")) | J13: =IF($B13="","",SUMIFS(PL_Gross,PL_Space,$B13,PL_Unit,"م²")) | K13: =IF($B13="","",SUMIFS(PL_Ded,PL_Space,$B13,PL_Unit,"م²")) | L13: =IF($B13="","",SUMIFS(PL_Net,PL_Space,$B13,PL_Unit,"م²")) | M13: =IF($B13="","",SUMIFS(LN_Gross,LN_Space,$B13,LN_Unit,"م.ط")) | N13: =IF($B13="","",SUMIFS(LN_Ded,LN_Space,$B13,LN_Unit,"م.ط")) | O13: =IF($B13="","",SUMIFS(LN_Net,LN_Space,$B13,LN_Unit,"م.ط")) | P13: =IF($B13="","",SUMIFS(FL_Net,FL_Space,$B13,FL_Unit,"عدد")+SUMIFS(WL_Net,WL_Space,$B13,WL_Unit,"عدد")+SUMIFS(CL_Net,CL_Space,$B13,CL_Unit,"عدد")+SUMIFS(PL_Net,PL_Space,$B13,PL_Unit,"عدد")+SUMIFS(LN_Net,LN_Space,$B13,LN_Unit,"عدد")) | Q13: =IF($B13="","",COUNTIFS(OP_Space,$B13)) | R13: =IF($B13="","",COUNTIFS(FL_Space,$B13)-COUNTIFS(FL_Space,$B13,FL_Status,"مكتمل")-COUNTIFS(FL_Space,$B13,FL_Status,"مستبعد من الحصر")+COUNTIFS(CL_Space,$B13)-COUNTIFS(CL_Space,$B13,CL_Status,"مكتمل")-COUNTIFS(CL_Space,$B13,CL_Status,"مستبعد من الحصر")+COUNTIFS(WL_Space,$B13)-COUNTIFS(WL_Space,$B13,WL_Status,"مكتمل")+COUNTIFS(PL_Space,$B13)-COUNTIFS(PL_Space,$B13,PL_Status,"مكتمل")+COUNTIFS(LN_Space,$B13)-COUNTIFS(LN_Space,$B13,LN_Status,"مكتمل")+COUNTIFS(OP_Space,$B13)-COUNTIFS(OP_Space,$B13,OP_Status,"مكتمل"))
A14: 11 | B14: =IF('سجل الفراغات'!B14="","",'سجل الفراغات'!B14) | C14: =IF($B14="","",'سجل الفراغات'!C14&"") | D14: =IF($B14="","",'سجل الفراغات'!D14&"") | E14: =IF($B14="","",SUMIFS(FL_Net,FL_Space,$B14,FL_Unit,"م²")) | F14: =IF($B14="","",SUMIFS(WL_Gross,WL_Space,$B14,WL_Unit,"م²")) | G14: =IF($B14="","",SUMIFS(WL_Ded,WL_Space,$B14,WL_Unit,"م²")) | H14: =IF($B14="","",SUMIFS(WL_Net,WL_Space,$B14,WL_Unit,"م²")) | I14: =IF($B14="","",SUMIFS(CL_Net,CL_Space,$B14,CL_Unit,"م²")) | J14: =IF($B14="","",SUMIFS(PL_Gross,PL_Space,$B14,PL_Unit,"م²")) | K14: =IF($B14="","",SUMIFS(PL_Ded,PL_Space,$B14,PL_Unit,"م²")) | L14: =IF($B14="","",SUMIFS(PL_Net,PL_Space,$B14,PL_Unit,"م²")) | M14: =IF($B14="","",SUMIFS(LN_Gross,LN_Space,$B14,LN_Unit,"م.ط")) | N14: =IF($B14="","",SUMIFS(LN_Ded,LN_Space,$B14,LN_Unit,"م.ط")) | O14: =IF($B14="","",SUMIFS(LN_Net,LN_Space,$B14,LN_Unit,"م.ط")) | P14: =IF($B14="","",SUMIFS(FL_Net,FL_Space,$B14,FL_Unit,"عدد")+SUMIFS(WL_Net,WL_Space,$B14,WL_Unit,"عدد")+SUMIFS(CL_Net,CL_Space,$B14,CL_Unit,"عدد")+SUMIFS(PL_Net,PL_Space,$B14,PL_Unit,"عدد")+SUMIFS(LN_Net,LN_Space,$B14,LN_Unit,"عدد")) | Q14: =IF($B14="","",COUNTIFS(OP_Space,$B14)) | R14: =IF($B14="","",COUNTIFS(FL_Space,$B14)-COUNTIFS(FL_Space,$B14,FL_Status,"مكتمل")-COUNTIFS(FL_Space,$B14,FL_Status,"مستبعد من الحصر")+COUNTIFS(CL_Space,$B14)-COUNTIFS(CL_Space,$B14,CL_Status,"مكتمل")-COUNTIFS(CL_Space,$B14,CL_Status,"مستبعد من الحصر")+COUNTIFS(WL_Space,$B14)-COUNTIFS(WL_Space,$B14,WL_Status,"مكتمل")+COUNTIFS(PL_Space,$B14)-COUNTIFS(PL_Space,$B14,PL_Status,"مكتمل")+COUNTIFS(LN_Space,$B14)-COUNTIFS(LN_Space,$B14,LN_Status,"مكتمل")+COUNTIFS(OP_Space,$B14)-COUNTIFS(OP_Space,$B14,OP_Status,"مكتمل"))
A15: 12 | B15: =IF('سجل الفراغات'!B15="","",'سجل الفراغات'!B15) | C15: =IF($B15="","",'سجل الفراغات'!C15&"") | D15: =IF($B15="","",'سجل الفراغات'!D15&"") | E15: =IF($B15="","",SUMIFS(FL_Net,FL_Space,$B15,FL_Unit,"م²")) | F15: =IF($B15="","",SUMIFS(WL_Gross,WL_Space,$B15,WL_Unit,"م²")) | G15: =IF($B15="","",SUMIFS(WL_Ded,WL_Space,$B15,WL_Unit,"م²")) | H15: =IF($B15="","",SUMIFS(WL_Net,WL_Space,$B15,WL_Unit,"م²")) | I15: =IF($B15="","",SUMIFS(CL_Net,CL_Space,$B15,CL_Unit,"م²")) | J15: =IF($B15="","",SUMIFS(PL_Gross,PL_Space,$B15,PL_Unit,"م²")) | K15: =IF($B15="","",SUMIFS(PL_Ded,PL_Space,$B15,PL_Unit,"م²")) | L15: =IF($B15="","",SUMIFS(PL_Net,PL_Space,$B15,PL_Unit,"م²")) | M15: =IF($B15="","",SUMIFS(LN_Gross,LN_Space,$B15,LN_Unit,"م.ط")) | N15: =IF($B15="","",SUMIFS(LN_Ded,LN_Space,$B15,LN_Unit,"م.ط")) | O15: =IF($B15="","",SUMIFS(LN_Net,LN_Space,$B15,LN_Unit,"م.ط")) | P15: =IF($B15="","",SUMIFS(FL_Net,FL_Space,$B15,FL_Unit,"عدد")+SUMIFS(WL_Net,WL_Space,$B15,WL_Unit,"عدد")+SUMIFS(CL_Net,CL_Space,$B15,CL_Unit,"عدد")+SUMIFS(PL_Net,PL_Space,$B15,PL_Unit,"عدد")+SUMIFS(LN_Net,LN_Space,$B15,LN_Unit,"عدد")) | Q15: =IF($B15="","",COUNTIFS(OP_Space,$B15)) | R15: =IF($B15="","",COUNTIFS(FL_Space,$B15)-COUNTIFS(FL_Space,$B15,FL_Status,"مكتمل")-COUNTIFS(FL_Space,$B15,FL_Status,"مستبعد من الحصر")+COUNTIFS(CL_Space,$B15)-COUNTIFS(CL_Space,$B15,CL_Status,"مكتمل")-COUNTIFS(CL_Space,$B15,CL_Status,"مستبعد من الحصر")+COUNTIFS(WL_Space,$B15)-COUNTIFS(WL_Space,$B15,WL_Status,"مكتمل")+COUNTIFS(PL_Space,$B15)-COUNTIFS(PL_Space,$B15,PL_Status,"مكتمل")+COUNTIFS(LN_Space,$B15)-COUNTIFS(LN_Space,$B15,LN_Status,"مكتمل")+COUNTIFS(OP_Space,$B15)-COUNTIFS(OP_Space,$B15,OP_Status,"مكتمل"))
... A153: 150 | B153: =IF('سجل الفراغات'!B153="","",'سجل الفراغات'!B153) | C153: =IF($B153="","",'سجل الفراغات'!C153&"") | D153: =IF($B153="","",'سجل الفراغات'!D153&"") | E153: =IF($B153="","",SUMIFS(FL_Net,FL_Space,$B153,FL_Unit,"م²")) | F153: =IF($B153="","",SUMIFS(WL_Gross,WL_Space,$B153,WL_Unit,"م²")) | G153: =IF($B153="","",SUMIFS(WL_Ded,WL_Space,$B153,WL_Unit,"م²")) | H153: =IF($B153="","",SUMIFS(WL_Net,WL_Space,$B153,WL_Unit,"م²")) | I153: =IF($B153="","",SUMIFS(CL_Net,CL_Space,$B153,CL_Unit,"م²")) | J153: =IF($B153="","",SUMIFS(PL_Gross,PL_Space,$B153,PL_Unit,"م²")) | K153: =IF($B153="","",SUMIFS(PL_Ded,PL_Space,$B153,PL_Unit,"م²")) | L153: =IF($B153="","",SUMIFS(PL_Net,PL_Space,$B153,PL_Unit,"م²")) | M153: =IF($B153="","",SUMIFS(LN_Gross,LN_Space,$B153,LN_Unit,"م.ط")) | N153: =IF($B153="","",SUMIFS(LN_Ded,LN_Space,$B153,LN_Unit,"م.ط")) | O153: =IF($B153="","",SUMIFS(LN_Net,LN_Space,$B153,LN_Unit,"م.ط")) | P153: =IF($B153="","",SUMIFS(FL_Net,FL_Space,$B153,FL_Unit,"عدد")+SUMIFS(WL_Net,WL_Space,$B153,WL_Unit,"عدد")+SUMIFS(CL_Net,CL_Space,$B153,CL_Unit,"عدد")+SUMIFS(PL_Net,PL_Space,$B153,PL_Unit,"عدد")+SUMIFS(LN_Net,LN_Space,$B153,LN_Unit,"عدد")) | Q153: =IF($B153="","",COUNTIFS(OP_Space,$B153)) | R153: =IF($B153="","",COUNTIFS(FL_Space,$B153)-COUNTIFS(FL_Space,$B153,FL_Status,"مكتمل")-COUNTIFS(FL_Space,$B153,FL_Status,"مستبعد من الحصر")+COUNTIFS(CL_Space,$B153)-COUNTIFS(CL_Space,$B153,CL_Status,"مكتمل")-COUNTIFS(CL_Space,$B153,CL_Status,"مستبعد من الحصر")+COUNTIFS(WL_Space,$B153)-COUNTIFS(WL_Space,$B153,WL_Status,"مكتمل")+COUNTIFS(PL_Space,$B153)-COUNTIFS(PL_Space,$B153,PL_Status,"مكتمل")+COUNTIFS(LN_Space,$B153)-COUNTIFS(LN_Space,$B153,LN_Status,"مكتمل")+COUNTIFS(OP_Space,$B153)-COUNTIFS(OP_Space,$B153,OP_Status,"مكتمل"))

Sheet ملخص الكميات حسب البند والخامة
A1: ملخص الكميات حسب البند والخامة (BOQ)
A2: ="المشروع: "&'بيانات المشروع'!$B$3&" | إجمالي التكلفة (للبنود المسعّرة فقط): "&TEXT(SUM(J27:J151),"#,##0.00") -> المشروع: | إجمالي التكلفة (للبنود المسعّرة فقط): 0.00
A4: أولًا: إجماليات المشروع حسب البند — كل وحدة في أعمدة مستقلة
A5: البند | B5: إجمالي (م²) | C5: خصومات (م²) | D5: صافي (م²) | E5: إجمالي (م.ط) | F5: خصومات (م.ط) | G5: صافي (م.ط) | H5: صافي (عدد) | I5: عدد السجلات | J5: ناقص قياس أو بيانات | K5: تحتاج مراجعة أو تنبيه | L5: مكتمل
A6: الأرضيات | B6: =SUMIFS(FL_Gross,FL_Unit,"م²") -> 0 | C6: =0 -> 0 | D6: =SUMIFS(FL_Net,FL_Unit,"م²") -> 0 | E6: =SUMIFS(FL_Gross,FL_Unit,"م.ط") -> 0 | F6: =0 -> 0 | G6: =SUMIFS(FL_Net,FL_Unit,"م.ط") -> 0 | H6: =SUMIFS(FL_Net,FL_Unit,"عدد") -> 0 | I6: =COUNTIF(FL_Status,"?*") -> 0 | J6: =COUNTIF(FL_Status,"ناقص*") -> 0 | K6: =I6-J6-L6-COUNTIF(FL_Status,"مستبعد من الحصر") -> 0 | L6: =COUNTIF(FL_Status,"مكتمل") -> 0
A7: تشطيبات الحوائط | B7: =SUMIFS(WL_Gross,WL_Unit,"م²") -> 0 | C7: =SUMIFS(WL_Ded,WL_Unit,"م²") -> 0 | D7: =SUMIFS(WL_Net,WL_Unit,"م²") -> 0 | E7: =SUMIFS(WL_Gross,WL_Unit,"م.ط") -> 0 | F7: =SUMIFS(WL_Ded,WL_Unit,"م.ط") -> 0 | G7: =SUMIFS(WL_Net,WL_Unit,"م.ط") -> 0 | H7: =SUMIFS(WL_Net,WL_Unit,"عدد") -> 0 | I7: =COUNTIF(WL_Status,"?*") -> 0 | J7: =COUNTIF(WL_Status,"ناقص*") -> 0 | K7: =I7-J7-L7 -> 0 | L7: =COUNTIF(WL_Status,"مكتمل") -> 0
A8: الوزرات والبنود الطولية | B8: =SUMIFS(LN_Gross,LN_Unit,"م²") -> 0 | C8: =SUMIFS(LN_Ded,LN_Unit,"م²") -> 0 | D8: =SUMIFS(LN_Net,LN_Unit,"م²") -> 0 | E8: =SUMIFS(LN_Gross,LN_Unit,"م.ط") -> 0 | F8: =SUMIFS(LN_Ded,LN_Unit,"م.ط") -> 0 | G8: =SUMIFS(LN_Net,LN_Unit,"م.ط") -> 0 | H8: =SUMIFS(LN_Net,LN_Unit,"عدد") -> 0 | I8: =COUNTIF(LN_Status,"?*") -> 0 | J8: =COUNTIF(LN_Status,"ناقص*") -> 0 | K8: =I8-J8-L8 -> 0 | L8: =COUNTIF(LN_Status,"مكتمل") -> 0
A9: الأسقف | B9: =SUMIFS(CL_Gross,CL_Unit,"م²") -> 0 | C9: =0 -> 0 | D9: =SUMIFS(CL_Net,CL_Unit,"م²") -> 0 | E9: =SUMIFS(CL_Gross,CL_Unit,"م.ط") -> 0 | F9: =0 -> 0 | G9: =SUMIFS(CL_Net,CL_Unit,"م.ط") -> 0 | H9: =SUMIFS(CL_Net,CL_Unit,"عدد") -> 0 | I9: =COUNTIF(CL_Status,"?*") -> 0 | J9: =COUNTIF(CL_Status,"ناقص*") -> 0 | K9: =I9-J9-L9-COUNTIF(CL_Status,"مستبعد من الحصر") -> 0 | L9: =COUNTIF(CL_Status,"مكتمل") -> 0
A10: اللياسة والمحارة | B10: =SUMIFS(PL_Gross,PL_Unit,"م²") -> 0 | C10: =SUMIFS(PL_Ded,PL_Unit,"م²") -> 0 | D10: =SUMIFS(PL_Net,PL_Unit,"م²") -> 0 | E10: =SUMIFS(PL_Gross,PL_Unit,"م.ط") -> 0 | F10: =SUMIFS(PL_Ded,PL_Unit,"م.ط") -> 0 | G10: =SUMIFS(PL_Net,PL_Unit,"م.ط") -> 0 | H10: =SUMIFS(PL_Net,PL_Unit,"عدد") -> 0 | I10: =COUNTIF(PL_Status,"?*") -> 0 | J10: =COUNTIF(PL_Status,"ناقص*") -> 0 | K10: =I10-J10-L10 -> 0 | L10: =COUNTIF(PL_Status,"مكتمل") -> 0
A11: الفتحات (للعلم — لا تُجمع مع الكميات) | B11: — | C11: — | D11: — | E11: — | F11: — | G11: — | H11: — | I11: =COUNTIF(OP_Status,"?*") -> 0 | J11: =COUNTIF(OP_Status,"ناقص*") -> 0 | K11: =I11-J11-L11 -> 0 | L11: =COUNTIF(OP_Status,"مكتمل") -> 0
A12: إجمالي المشروع | B12: =SUM(B6:B10) -> 0 | C12: =SUM(C6:C10) -> 0 | D12: =SUM(D6:D10) -> 0 | E12: =SUM(E6:E10) -> 0 | F12: =SUM(F6:F10) -> 0 | G12: =SUM(G6:G10) -> 0 | H12: =SUM(H6:H10) -> 0 | I12: =SUM(I6:I11) -> 0 | J12: =SUM(J6:J11) -> 0 | K12: =SUM(K6:K11) -> 0 | L12: =SUM(L6:L11) -> 0
A14: ثانيًا: فحوص التطابق (للتأكد من عدم تكرار أو فقد أي خصم)
A15: الفحص | B15: القيمة الأولى | C15: القيمة الثانية | D15: النتيجة
A16: خصم الفتحات في الحوائط = المخصوم فعليًا بجدول الفتحات | B16: =SUM(WL_Auto) -> 0 | C16: =SUM(OP_AppFin) -> 0 | D16: =IF(ABS(B16-C16)<0.005,"✓ مطابق","✗ راجع") -> ✓ مطابق
A17: خصم الفتحات في اللياسة = المخصوم فعليًا بجدول الفتحات | B17: =SUM(PL_Auto) -> 0 | C17: =SUM(OP_AppPl) -> 0 | D17: =IF(ABS(B17-C17)<0.005,"✓ مطابق","✗ راجع") -> ✓ مطابق
A18: خصم الفتحات في الوزرات = المخصوم فعليًا بجدول الفتحات | B18: =SUM(LN_Auto) -> 0 | C18: =SUM(OP_AppSk) -> 0 | D18: =IF(ABS(B18-C18)<0.005,"✓ مطابق","✗ راجع") -> ✓ مطابق
A19: صافي م² في تفصيل الخامات = صافي م² في إجمالي البنود | B19: =SUMIFS(G27:G151,C27:C151,"م²") -> 0 | C19: =D12 -> 0 | D19: =IF(ABS(B19-C19)<0.005,"✓ مطابق","✗ راجع") -> ✓ مطابق
A20: صافي م.ط في تفصيل الخامات = صافي م.ط في إجمالي البنود | B20: =SUMIFS(G27:G151,C27:C151,"م.ط") -> 0 | C20: =G12 -> 0 | D20: =IF(ABS(B20-C20)<0.005,"✓ مطابق","✗ راجع") -> ✓ مطابق
A21: عدد السجلات المرتبطة بفراغ غير مسجل (المطلوب = 0) | B21: =COUNTIF(FL_Status,"*الفراغ غير مسجل")+COUNTIF(FL_Status,"*كود الفراغ")+COUNTIF(WL_Status,"*الفراغ غير مسجل")+COUNTIF(WL_Status,"*كود الفراغ")+COUNTIF(LN_Status,"*الفراغ غير مسجل")+COUNTIF(LN_Status,"*كود الفراغ")+COUNTIF(CL_Status,"*الفراغ غير مسجل")+COUNTIF(CL_Status,"*كود الفراغ")+COUNTIF(PL_Status,"*الفراغ غير مسجل")+COUNTIF(PL_Status,"*كود الفراغ")+COUNTIF(OP_Status,"*الفراغ غير مسجل")+COUNTIF(OP_Status,"*كود الفراغ") -> 0 | C21: =0 -> 0 | D21: =IF(ABS(B21-C21)<0.005,"✓ مطابق","✗ راجع") -> ✓ مطابق
A23: ثالثًا: تفصيل الكميات حسب البند والخامة على مستوى المشروع (مع كمية كل خامة في فراغ تختاره)
A24: اختر كود الفراغ لعرض كمياته ← | C24: =IF($B$24="","(اترك الخانة فارغة لإخفاء عمود كمية الفراغ)","الفراغ المختار: "&IFERROR(INDEX(SpaceNames,MATCH($B$24,SpaceCodes,0)),"غير مسجل")) -> (اترك الخانة فارغة لإخفاء عمود كمية الفراغ)
A25: لإخفاء صفوف الخامات غير المستخدمة: استخدم فلتر عمود «عدد السجلات» وألغِ اختيار 0 والفارغ.
A26: البند | B26: الخامة / النوع | C26: الوحدة | D26: عدد السجلات | E26: الإجمالي | F26: الخصومات | G26: الصافي | H26: صافي الفراغ المختار | I26: سعر الوحدة (اختياري) | J26: إجمالي التكلفة | K26: ملاحظات
A27: الأرضيات | B27: =IF('قوائم الخامات والبنود والوحدات'!$A$4="","",'قوائم الخامات والبنود والوحدات'!$A$4&"") -> سيراميك أرضيات | C27: =IF($B27="","",IF('قوائم الخامات والبنود والوحدات'!$B$4="","م²",'قوائم الخامات والبنود والوحدات'!$B$4)) -> م² | D27: =IF($B27="","",COUNTIF(FL_Mat,$B27)) -> 0 | E27: =IF($B27="","",SUMIFS(FL_Gross,FL_Mat,$B27)) -> 0 | F27: =IF($B27="","",0) -> 0 | G27: =IF($B27="","",SUMIFS(FL_Net,FL_Mat,$B27)) -> 0 | H27: =IF(OR($B27="",$B$24=""),"",SUMIFS(FL_Net,FL_Mat,$B27,FL_Space,$B$24)) | J27: =IF(OR($B27="",I27=""),"",G27*I27)
A28: الأرضيات | B28: =IF('قوائم الخامات والبنود والوحدات'!$A$5="","",'قوائم الخامات والبنود والوحدات'!$A$5&"") -> بورسلين | C28: =IF($B28="","",IF('قوائم الخامات والبنود والوحدات'!$B$5="","م²",'قوائم الخامات والبنود والوحدات'!$B$5)) -> م² | D28: =IF($B28="","",COUNTIF(FL_Mat,$B28)) -> 0 | E28: =IF($B28="","",SUMIFS(FL_Gross,FL_Mat,$B28)) -> 0 | F28: =IF($B28="","",0) -> 0 | G28: =IF($B28="","",SUMIFS(FL_Net,FL_Mat,$B28)) -> 0 | H28: =IF(OR($B28="",$B$24=""),"",SUMIFS(FL_Net,FL_Mat,$B28,FL_Space,$B$24)) | J28: =IF(OR($B28="",I28=""),"",G28*I28)
A29: الأرضيات | B29: =IF('قوائم الخامات والبنود والوحدات'!$A$6="","",'قوائم الخامات والبنود والوحدات'!$A$6&"") -> رخام | C29: =IF($B29="","",IF('قوائم الخامات والبنود والوحدات'!$B$6="","م²",'قوائم الخامات والبنود والوحدات'!$B$6)) -> م² | D29: =IF($B29="","",COUNTIF(FL_Mat,$B29)) -> 0 | E29: =IF($B29="","",SUMIFS(FL_Gross,FL_Mat,$B29)) -> 0 | F29: =IF($B29="","",0) -> 0 | G29: =IF($B29="","",SUMIFS(FL_Net,FL_Mat,$B29)) -> 0 | H29: =IF(OR($B29="",$B$24=""),"",SUMIFS(FL_Net,FL_Mat,$B29,FL_Space,$B$24)) | J29: =IF(OR($B29="",I29=""),"",G29*I29)
A30: الأرضيات | B30: =IF('قوائم الخامات والبنود والوحدات'!$A$7="","",'قوائم الخامات والبنود والوحدات'!$A$7&"") -> جرانيت | C30: =IF($B30="","",IF('قوائم الخامات والبنود والوحدات'!$B$7="","م²",'قوائم الخامات والبنود والوحدات'!$B$7)) -> م² | D30: =IF($B30="","",COUNTIF(FL_Mat,$B30)) -> 0 | E30: =IF($B30="","",SUMIFS(FL_Gross,FL_Mat,$B30)) -> 0 | F30: =IF($B30="","",0) -> 0 | G30: =IF($B30="","",SUMIFS(FL_Net,FL_Mat,$B30)) -> 0 | H30: =IF(OR($B30="",$B$24=""),"",SUMIFS(FL_Net,FL_Mat,$B30,FL_Space,$B$24)) | J30: =IF(OR($B30="",I30=""),"",G30*I30)
A31: الأرضيات | B31: =IF('قوائم الخامات والبنود والوحدات'!$A$8="","",'قوائم الخامات والبنود والوحدات'!$A$8&"") -> موزايكو | C31: =IF($B31="","",IF('قوائم الخامات والبنود والوحدات'!$B$8="","م²",'قوائم الخامات والبنود والوحدات'!$B$8)) -> م² | D31: =IF($B31="","",COUNTIF(FL_Mat,$B31)) -> 0 | E31: =IF($B31="","",SUMIFS(FL_Gross,FL_Mat,$B31)) -> 0 | F31: =IF($B31="","",0) -> 0 | G31: =IF($B31="","",SUMIFS(FL_Net,FL_Mat,$B31)) -> 0 | H31: =IF(OR($B31="",$B$24=""),"",SUMIFS(FL_Net,FL_Mat,$B31,FL_Space,$B$24)) | J31: =IF(OR($B31="",I31=""),"",G31*I31)
A32: الأرضيات | B32: =IF('قوائم الخامات والبنود والوحدات'!$A$9="","",'قوائم الخامات والبنود والوحدات'!$A$9&"") -> تيرازو | C32: =IF($B32="","",IF('قوائم الخامات والبنود والوحدات'!$B$9="","م²",'قوائم الخامات والبنود والوحدات'!$B$9)) -> م² | D32: =IF($B32="","",COUNTIF(FL_Mat,$B32)) -> 0 | E32: =IF($B32="","",SUMIFS(FL_Gross,FL_Mat,$B32)) -> 0 | F32: =IF($B32="","",0) -> 0 | G32: =IF($B32="","",SUMIFS(FL_Net,FL_Mat,$B32)) -> 0 | H32: =IF(OR($B32="",$B$24=""),"",SUMIFS(FL_Net,FL_Mat,$B32,FL_Space,$B$24)) | J32: =IF(OR($B32="",I32=""),"",G32*I32)
A33: الأرضيات | B33: =IF('قوائم الخامات والبنود والوحدات'!$A$10="","",'قوائم الخامات والبنود والوحدات'!$A$10&"") -> باركيه | C33: =IF($B33="","",IF('قوائم الخامات والبنود والوحدات'!$B$10="","م²",'قوائم الخامات والبنود والوحدات'!$B$10)) -> م² | D33: =IF($B33="","",COUNTIF(FL_Mat,$B33)) -> 0 | E33: =IF($B33="","",SUMIFS(FL_Gross,FL_Mat,$B33)) -> 0 | F33: =IF($B33="","",0) -> 0 | G33: =IF($B33="","",SUMIFS(FL_Net,FL_Mat,$B33)) -> 0 | H33: =IF(OR($B33="",$B$24=""),"",SUMIFS(FL_Net,FL_Mat,$B33,FL_Space,$B$24)) | J33: =IF(OR($B33="",I33=""),"",G33*I33)
A34: الأرضيات | B34: =IF('قوائم الخامات والبنود والوحدات'!$A$11="","",'قوائم الخامات والبنود والوحدات'!$A$11&"") -> فينيل | C34: =IF($B34="","",IF('قوائم الخامات والبنود والوحدات'!$B$11="","م²",'قوائم الخامات والبنود والوحدات'!$B$11)) -> م² | D34: =IF($B34="","",COUNTIF(FL_Mat,$B34)) -> 0 | E34: =IF($B34="","",SUMIFS(FL_Gross,FL_Mat,$B34)) -> 0 | F34: =IF($B34="","",0) -> 0 | G34: =IF($B34="","",SUMIFS(FL_Net,FL_Mat,$B34)) -> 0 | H34: =IF(OR($B34="",$B$24=""),"",SUMIFS(FL_Net,FL_Mat,$B34,FL_Space,$B$24)) | J34: =IF(OR($B34="",I34=""),"",G34*I34)
A35: الأرضيات | B35: =IF('قوائم الخامات والبنود والوحدات'!$A$12="","",'قوائم الخامات والبنود والوحدات'!$A$12&"") -> موكيت | C35: =IF($B35="","",IF('قوائم الخامات والبنود والوحدات'!$B$12="","م²",'قوائم الخامات والبنود والوحدات'!$B$12)) -> م² | D35: =IF($B35="","",COUNTIF(FL_Mat,$B35)) -> 0 | E35: =IF($B35="","",SUMIFS(FL_Gross,FL_Mat,$B35)) -> 0 | F35: =IF($B35="","",0) -> 0 | G35: =IF($B35="","",SUMIFS(FL_Net,FL_Mat,$B35)) -> 0 | H35: =IF(OR($B35="",$B$24=""),"",SUMIFS(FL_Net,FL_Mat,$B35,FL_Space,$B$24)) | J35: =IF(OR($B35="",I35=""),"",G35*I35)
A36: الأرضيات | B36: =IF('قوائم الخامات والبنود والوحدات'!$A$13="","",'قوائم الخامات والبنود والوحدات'!$A$13&"") -> أرضيات إيبوكسي | C36: =IF($B36="","",IF('قوائم الخامات والبنود والوحدات'!$B$13="","م²",'قوائم الخامات والبنود والوحدات'!$B$13)) -> م² | D36: =IF($B36="","",COUNTIF(FL_Mat,$B36)) -> 0 | E36: =IF($B36="","",SUMIFS(FL_Gross,FL_Mat,$B36)) -> 0 | F36: =IF($B36="","",0) -> 0 | G36: =IF($B36="","",SUMIFS(FL_Net,FL_Mat,$B36)) -> 0 | H36: =IF(OR($B36="",$B$24=""),"",SUMIFS(FL_Net,FL_Mat,$B36,FL_Space,$B$24)) | J36: =IF(OR($B36="",I36=""),"",G36*I36)
A37: الأرضيات | B37: =IF('قوائم الخامات والبنود والوحدات'!$A$14="","",'قوائم الخامات والبنود والوحدات'!$A$14&"") | C37: =IF($B37="","",IF('قوائم الخامات والبنود والوحدات'!$B$14="","م²",'قوائم الخامات والبنود والوحدات'!$B$14)) | D37: =IF($B37="","",COUNTIF(FL_Mat,$B37)) | E37: =IF($B37="","",SUMIFS(FL_Gross,FL_Mat,$B37)) | F37: =IF($B37="","",0) | G37: =IF($B37="","",SUMIFS(FL_Net,FL_Mat,$B37)) | H37: =IF(OR($B37="",$B$24=""),"",SUMIFS(FL_Net,FL_Mat,$B37,FL_Space,$B$24)) | J37: =IF(OR($B37="",I37=""),"",G37*I37)
A38: الأرضيات | B38: =IF('قوائم الخامات والبنود والوحدات'!$A$15="","",'قوائم الخامات والبنود والوحدات'!$A$15&"") | C38: =IF($B38="","",IF('قوائم الخامات والبنود والوحدات'!$B$15="","م²",'قوائم الخامات والبنود والوحدات'!$B$15)) | D38: =IF($B38="","",COUNTIF(FL_Mat,$B38)) | E38: =IF($B38="","",SUMIFS(FL_Gross,FL_Mat,$B38)) | F38: =IF($B38="","",0) | G38: =IF($B38="","",SUMIFS(FL_Net,FL_Mat,$B38)) | H38: =IF(OR($B38="",$B$24=""),"",SUMIFS(FL_Net,FL_Mat,$B38,FL_Space,$B$24)) | J38: =IF(OR($B38="",I38=""),"",G38*I38)
A39: الأرضيات | B39: =IF('قوائم الخامات والبنود والوحدات'!$A$16="","",'قوائم الخامات والبنود والوحدات'!$A$16&"") | C39: =IF($B39="","",IF('قوائم الخامات والبنود والوحدات'!$B$16="","م²",'قوائم الخامات والبنود والوحدات'!$B$16)) | D39: =IF($B39="","",COUNTIF(FL_Mat,$B39)) | E39: =IF($B39="","",SUMIFS(FL_Gross,FL_Mat,$B39)) | F39: =IF($B39="","",0) | G39: =IF($B39="","",SUMIFS(FL_Net,FL_Mat,$B39)) | H39: =IF(OR($B39="",$B$24=""),"",SUMIFS(FL_Net,FL_Mat,$B39,FL_Space,$B$24)) | J39: =IF(OR($B39="",I39=""),"",G39*I39)
A40: الأرضيات | B40: =IF('قوائم الخامات والبنود والوحدات'!$A$17="","",'قوائم الخامات والبنود والوحدات'!$A$17&"") | C40: =IF($B40="","",IF('قوائم الخامات والبنود والوحدات'!$B$17="","م²",'قوائم الخامات والبنود والوحدات'!$B$17)) | D40: =IF($B40="","",COUNTIF(FL_Mat,$B40)) | E40: =IF($B40="","",SUMIFS(FL_Gross,FL_Mat,$B40)) | F40: =IF($B40="","",0) | G40: =IF($B40="","",SUMIFS(FL_Net,FL_Mat,$B40)) | H40: =IF(OR($B40="",$B$24=""),"",SUMIFS(FL_Net,FL_Mat,$B40,FL_Space,$B$24)) | J40: =IF(OR($B40="",I40=""),"",G40*I40)
A41: الأرضيات | B41: =IF('قوائم الخامات والبنود والوحدات'!$A$18="","",'قوائم الخامات والبنود والوحدات'!$A$18&"") | C41: =IF($B41="","",IF('قوائم الخامات والبنود والوحدات'!$B$18="","م²",'قوائم الخامات والبنود والوحدات'!$B$18)) | D41: =IF($B41="","",COUNTIF(FL_Mat,$B41)) | E41: =IF($B41="","",SUMIFS(FL_Gross,FL_Mat,$B41)) | F41: =IF($B41="","",0) | G41: =IF($B41="","",SUMIFS(FL_Net,FL_Mat,$B41)) | H41: =IF(OR($B41="",$B$24=""),"",SUMIFS(FL_Net,FL_Mat,$B41,FL_Space,$B$24)) | J41: =IF(OR($B41="",I41=""),"",G41*I41)
A42: الأرضيات | B42: =IF('قوائم الخامات والبنود والوحدات'!$A$19="","",'قوائم الخامات والبنود والوحدات'!$A$19&"") | C42: =IF($B42="","",IF('قوائم الخامات والبنود والوحدات'!$B$19="","م²",'قوائم الخامات والبنود والوحدات'!$B$19)) | D42: =IF($B42="","",COUNTIF(FL_Mat,$B42)) | E42: =IF($B42="","",SUMIFS(FL_Gross,FL_Mat,$B42)) | F42: =IF($B42="","",0) | G42: =IF($B42="","",SUMIFS(FL_Net,FL_Mat,$B42)) | H42: =IF(OR($B42="",$B$24=""),"",SUMIFS(FL_Net,FL_Mat,$B42,FL_Space,$B$24)) | J42: =IF(OR($B42="",I42=""),"",G42*I42)
A43: الأرضيات | B43: =IF('قوائم الخامات والبنود والوحدات'!$A$20="","",'قوائم الخامات والبنود والوحدات'!$A$20&"") | C43: =IF($B43="","",IF('قوائم الخامات والبنود والوحدات'!$B$20="","م²",'قوائم الخامات والبنود والوحدات'!$B$20)) | D43: =IF($B43="","",COUNTIF(FL_Mat,$B43)) | E43: =IF($B43="","",SUMIFS(FL_Gross,FL_Mat,$B43)) | F43: =IF($B43="","",0) | G43: =IF($B43="","",SUMIFS(FL_Net,FL_Mat,$B43)) | H43: =IF(OR($B43="",$B$24=""),"",SUMIFS(FL_Net,FL_Mat,$B43,FL_Space,$B$24)) | J43: =IF(OR($B43="",I43=""),"",G43*I43)
A44: الأرضيات | B44: =IF('قوائم الخامات والبنود والوحدات'!$A$21="","",'قوائم الخامات والبنود والوحدات'!$A$21&"") | C44: =IF($B44="","",IF('قوائم الخامات والبنود والوحدات'!$B$21="","م²",'قوائم الخامات والبنود والوحدات'!$B$21)) | D44: =IF($B44="","",COUNTIF(FL_Mat,$B44)) | E44: =IF($B44="","",SUMIFS(FL_Gross,FL_Mat,$B44)) | F44: =IF($B44="","",0) | G44: =IF($B44="","",SUMIFS(FL_Net,FL_Mat,$B44)) | H44: =IF(OR($B44="",$B$24=""),"",SUMIFS(FL_Net,FL_Mat,$B44,FL_Space,$B$24)) | J44: =IF(OR($B44="",I44=""),"",G44*I44)
A45: الأرضيات | B45: =IF('قوائم الخامات والبنود والوحدات'!$A$22="","",'قوائم الخامات والبنود والوحدات'!$A$22&"") | C45: =IF($B45="","",IF('قوائم الخامات والبنود والوحدات'!$B$22="","م²",'قوائم الخامات والبنود والوحدات'!$B$22)) | D45: =IF($B45="","",COUNTIF(FL_Mat,$B45)) | E45: =IF($B45="","",SUMIFS(FL_Gross,FL_Mat,$B45)) | F45: =IF($B45="","",0) | G45: =IF($B45="","",SUMIFS(FL_Net,FL_Mat,$B45)) | H45: =IF(OR($B45="",$B$24=""),"",SUMIFS(FL_Net,FL_Mat,$B45,FL_Space,$B$24)) | J45: =IF(OR($B45="",I45=""),"",G45*I45)
A46: الأرضيات | B46: =IF('قوائم الخامات والبنود والوحدات'!$A$23="","",'قوائم الخامات والبنود والوحدات'!$A$23&"") | C46: =IF($B46="","",IF('قوائم الخامات والبنود والوحدات'!$B$23="","م²",'قوائم الخامات والبنود والوحدات'!$B$23)) | D46: =IF($B46="","",COUNTIF(FL_Mat,$B46)) | E46: =IF($B46="","",SUMIFS(FL_Gross,FL_Mat,$B46)) | F46: =IF($B46="","",0) | G46: =IF($B46="","",SUMIFS(FL_Net,FL_Mat,$B46)) | H46: =IF(OR($B46="",$B$24=""),"",SUMIFS(FL_Net,FL_Mat,$B46,FL_Space,$B$24)) | J46: =IF(OR($B46="",I46=""),"",G46*I46)
A47: الأرضيات | B47: =IF('قوائم الخامات والبنود والوحدات'!$A$24="","",'قوائم الخامات والبنود والوحدات'!$A$24&"") | C47: =IF($B47="","",IF('قوائم الخامات والبنود والوحدات'!$B$24="","م²",'قوائم الخامات والبنود والوحدات'!$B$24)) | D47: =IF($B47="","",COUNTIF(FL_Mat,$B47)) | E47: =IF($B47="","",SUMIFS(FL_Gross,FL_Mat,$B47)) | F47: =IF($B47="","",0) | G47: =IF($B47="","",SUMIFS(FL_Net,FL_Mat,$B47)) | H47: =IF(OR($B47="",$B$24=""),"",SUMIFS(FL_Net,FL_Mat,$B47,FL_Space,$B$24)) | J47: =IF(OR($B47="",I47=""),"",G47*I47)
A48: الأرضيات | B48: =IF('قوائم الخامات والبنود والوحدات'!$A$25="","",'قوائم الخامات والبنود والوحدات'!$A$25&"") | C48: =IF($B48="","",IF('قوائم الخامات والبنود والوحدات'!$B$25="","م²",'قوائم الخامات والبنود والوحدات'!$B$25)) | D48: =IF($B48="","",COUNTIF(FL_Mat,$B48)) | E48: =IF($B48="","",SUMIFS(FL_Gross,FL_Mat,$B48)) | F48: =IF($B48="","",0) | G48: =IF($B48="","",SUMIFS(FL_Net,FL_Mat,$B48)) | H48: =IF(OR($B48="",$B$24=""),"",SUMIFS(FL_Net,FL_Mat,$B48,FL_Space,$B$24)) | J48: =IF(OR($B48="",I48=""),"",G48*I48)
A49: الأرضيات | B49: =IF('قوائم الخامات والبنود والوحدات'!$A$26="","",'قوائم الخامات والبنود والوحدات'!$A$26&"") | C49: =IF($B49="","",IF('قوائم الخامات والبنود والوحدات'!$B$26="","م²",'قوائم الخامات والبنود والوحدات'!$B$26)) | D49: =IF($B49="","",COUNTIF(FL_Mat,$B49)) | E49: =IF($B49="","",SUMIFS(FL_Gross,FL_Mat,$B49)) | F49: =IF($B49="","",0) | G49: =IF($B49="","",SUMIFS(FL_Net,FL_Mat,$B49)) | H49: =IF(OR($B49="",$B$24=""),"",SUMIFS(FL_Net,FL_Mat,$B49,FL_Space,$B$24)) | J49: =IF(OR($B49="",I49=""),"",G49*I49)
A50: الأرضيات | B50: =IF('قوائم الخامات والبنود والوحدات'!$A$27="","",'قوائم الخامات والبنود والوحدات'!$A$27&"") | C50: =IF($B50="","",IF('قوائم الخامات والبنود والوحدات'!$B$27="","م²",'قوائم الخامات والبنود والوحدات'!$B$27)) | D50: =IF($B50="","",COUNTIF(FL_Mat,$B50)) | E50: =IF($B50="","",SUMIFS(FL_Gross,FL_Mat,$B50)) | F50: =IF($B50="","",0) | G50: =IF($B50="","",SUMIFS(FL_Net,FL_Mat,$B50)) | H50: =IF(OR($B50="",$B$24=""),"",SUMIFS(FL_Net,FL_Mat,$B50,FL_Space,$B$24)) | J50: =IF(OR($B50="",I50=""),"",G50*I50)
A51: الأرضيات | B51: =IF('قوائم الخامات والبنود والوحدات'!$A$28="","",'قوائم الخامات والبنود والوحدات'!$A$28&"") | C51: =IF($B51="","",IF('قوائم الخامات والبنود والوحدات'!$B$28="","م²",'قوائم الخامات والبنود والوحدات'!$B$28)) | D51: =IF($B51="","",COUNTIF(FL_Mat,$B51)) | E51: =IF($B51="","",SUMIFS(FL_Gross,FL_Mat,$B51)) | F51: =IF($B51="","",0) | G51: =IF($B51="","",SUMIFS(FL_Net,FL_Mat,$B51)) | H51: =IF(OR($B51="",$B$24=""),"",SUMIFS(FL_Net,FL_Mat,$B51,FL_Space,$B$24)) | J51: =IF(OR($B51="",I51=""),"",G51*I51)
A52: تشطيبات الحوائط | B52: =IF('قوائم الخامات والبنود والوحدات'!$C$4="","",'قوائم الخامات والبنود والوحدات'!$C$4&"") -> سيراميك حوائط الحمامات | C52: =IF($B52="","",IF('قوائم الخامات والبنود والوحدات'!$D$4="","م²",'قوائم الخامات والبنود والوحدات'!$D$4)) -> م² | D52: =IF($B52="","",COUNTIF(WL_Mat,$B52)) -> 0 | E52: =IF($B52="","",SUMIFS(WL_Gross,WL_Mat,$B52)) -> 0 | F52: =IF($B52="","",SUMIFS(WL_Ded,WL_Mat,$B52)) -> 0 | G52: =IF($B52="","",SUMIFS(WL_Net,WL_Mat,$B52)) -> 0 | H52: =IF(OR($B52="",$B$24=""),"",SUMIFS(WL_Net,WL_Mat,$B52,WL_Space,$B$24)) | J52: =IF(OR($B52="",I52=""),"",G52*I52)
A53: تشطيبات الحوائط | B53: =IF('قوائم الخامات والبنود والوحدات'!$C$5="","",'قوائم الخامات والبنود والوحدات'!$C$5&"") -> سيراميك حوائط المطابخ | C53: =IF($B53="","",IF('قوائم الخامات والبنود والوحدات'!$D$5="","م²",'قوائم الخامات والبنود والوحدات'!$D$5)) -> م² | D53: =IF($B53="","",COUNTIF(WL_Mat,$B53)) -> 0 | E53: =IF($B53="","",SUMIFS(WL_Gross,WL_Mat,$B53)) -> 0 | F53: =IF($B53="","",SUMIFS(WL_Ded,WL_Mat,$B53)) -> 0 | G53: =IF($B53="","",SUMIFS(WL_Net,WL_Mat,$B53)) -> 0 | H53: =IF(OR($B53="",$B$24=""),"",SUMIFS(WL_Net,WL_Mat,$B53,WL_Space,$B$24)) | J53: =IF(OR($B53="",I53=""),"",G53*I53)
A54: تشطيبات الحوائط | B54: =IF('قوائم الخامات والبنود والوحدات'!$C$6="","",'قوائم الخامات والبنود والوحدات'!$C$6&"") -> سيراميك حوائط عادي | C54: =IF($B54="","",IF('قوائم الخامات والبنود والوحدات'!$D$6="","م²",'قوائم الخامات والبنود والوحدات'!$D$6)) -> م² | D54: =IF($B54="","",COUNTIF(WL_Mat,$B54)) -> 0 | E54: =IF($B54="","",SUMIFS(WL_Gross,WL_Mat,$B54)) -> 0 | F54: =IF($B54="","",SUMIFS(WL_Ded,WL_Mat,$B54)) -> 0 | G54: =IF($B54="","",SUMIFS(WL_Net,WL_Mat,$B54)) -> 0 | H54: =IF(OR($B54="",$B$24=""),"",SUMIFS(WL_Net,WL_Mat,$B54,WL_Space,$B$24)) | J54: =IF(OR($B54="",I54=""),"",G54*I54)
A55: تشطيبات الحوائط | B55: =IF('قوائم الخامات والبنود والوحدات'!$C$7="","",'قوائم الخامات والبنود والوحدات'!$C$7&"") -> سيراميك حوائط ديكوري | C55: =IF($B55="","",IF('قوائم الخامات والبنود والوحدات'!$D$7="","م²",'قوائم الخامات والبنود والوحدات'!$D$7)) -> م² | D55: =IF($B55="","",COUNTIF(WL_Mat,$B55)) -> 0 | E55: =IF($B55="","",SUMIFS(WL_Gross,WL_Mat,$B55)) -> 0 | F55: =IF($B55="","",SUMIFS(WL_Ded,WL_Mat,$B55)) -> 0 | G55: =IF($B55="","",SUMIFS(WL_Net,WL_Mat,$B55)) -> 0 | H55: =IF(OR($B55="",$B$24=""),"",SUMIFS(WL_Net,WL_Mat,$B55,WL_Space,$B$24)) | J55: =IF(OR($B55="",I55=""),"",G55*I55)
A56: تشطيبات الحوائط | B56: =IF('قوائم الخامات والبنود والوحدات'!$C$8="","",'قوائم الخامات والبنود والوحدات'!$C$8&"") -> موزايكو حوائط | C56: =IF($B56="","",IF('قوائم الخامات والبنود والوحدات'!$D$8="","م²",'قوائم الخامات والبنود والوحدات'!$D$8)) -> م² | D56: =IF($B56="","",COUNTIF(WL_Mat,$B56)) -> 0 | E56: =IF($B56="","",SUMIFS(WL_Gross,WL_Mat,$B56)) -> 0 | F56: =IF($B56="","",SUMIFS(WL_Ded,WL_Mat,$B56)) -> 0 | G56: =IF($B56="","",SUMIFS(WL_Net,WL_Mat,$B56)) -> 0 | H56: =IF(OR($B56="",$B$24=""),"",SUMIFS(WL_Net,WL_Mat,$B56,WL_Space,$B$24)) | J56: =IF(OR($B56="",I56=""),"",G56*I56)
A57: تشطيبات الحوائط | B57: =IF('قوائم الخامات والبنود والوحدات'!$C$9="","",'قوائم الخامات والبنود والوحدات'!$C$9&"") -> رخام حوائط | C57: =IF($B57="","",IF('قوائم الخامات والبنود والوحدات'!$D$9="","م²",'قوائم الخامات والبنود والوحدات'!$D$9)) -> م² | D57: =IF($B57="","",COUNTIF(WL_Mat,$B57)) -> 0 | E57: =IF($B57="","",SUMIFS(WL_Gross,WL_Mat,$B57)) -> 0 | F57: =IF($B57="","",SUMIFS(WL_Ded,WL_Mat,$B57)) -> 0 | G57: =IF($B57="","",SUMIFS(WL_Net,WL_Mat,$B57)) -> 0 | H57: =IF(OR($B57="",$B$24=""),"",SUMIFS(WL_Net,WL_Mat,$B57,WL_Space,$B$24)) | J57: =IF(OR($B57="",I57=""),"",G57*I57)
A58: تشطيبات الحوائط | B58: =IF('قوائم الخامات والبنود والوحدات'!$C$10="","",'قوائم الخامات والبنود والوحدات'!$C$10&"") -> جرانيت حوائط | C58: =IF($B58="","",IF('قوائم الخامات والبنود والوحدات'!$D$10="","م²",'قوائم الخامات والبنود والوحدات'!$D$10)) -> م² | D58: =IF($B58="","",COUNTIF(WL_Mat,$B58)) -> 0 | E58: =IF($B58="","",SUMIFS(WL_Gross,WL_Mat,$B58)) -> 0 | F58: =IF($B58="","",SUMIFS(WL_Ded,WL_Mat,$B58)) -> 0 | G58: =IF($B58="","",SUMIFS(WL_Net,WL_Mat,$B58)) -> 0 | H58: =IF(OR($B58="",$B$24=""),"",SUMIFS(WL_Net,WL_Mat,$B58,WL_Space,$B$24)) | J58: =IF(OR($B58="",I58=""),"",G58*I58)
A59: تشطيبات الحوائط | B59: =IF('قوائم الخامات والبنود والوحدات'!$C$11="","",'قوائم الخامات والبنود والوحدات'!$C$11&"") -> دهانات | C59: =IF($B59="","",IF('قوائم الخامات والبنود والوحدات'!$D$11="","م²",'قوائم الخامات والبنود والوحدات'!$D$11)) -> م² | D59: =IF($B59="","",COUNTIF(WL_Mat,$B59)) -> 0 | E59: =IF($B59="","",SUMIFS(WL_Gross,WL_Mat,$B59)) -> 0 | F59: =IF($B59="","",SUMIFS(WL_Ded,WL_Mat,$B59)) -> 0 | G59: =IF($B59="","",SUMIFS(WL_Net,WL_Mat,$B59)) -> 0 | H59: =IF(OR($B59="",$B$24=""),"",SUMIFS(WL_Net,WL_Mat,$B59,WL_Space,$B$24)) | J59: =IF(OR($B59="",I59=""),"",G59*I59)
A60: تشطيبات الحوائط | B60: =IF('قوائم الخامات والبنود والوحدات'!$C$12="","",'قوائم الخامات والبنود والوحدات'!$C$12&"") -> ورق حائط | C60: =IF($B60="","",IF('قوائم الخامات والبنود والوحدات'!$D$12="","م²",'قوائم الخامات والبنود والوحدات'!$D$12)) -> م² | D60: =IF($B60="","",COUNTIF(WL_Mat,$B60)) -> 0 | E60: =IF($B60="","",SUMIFS(WL_Gross,WL_Mat,$B60)) -> 0 | F60: =IF($B60="","",SUMIFS(WL_Ded,WL_Mat,$B60)) -> 0 | G60: =IF($B60="","",SUMIFS(WL_Net,WL_Mat,$B60)) -> 0 | H60: =IF(OR($B60="",$B$24=""),"",SUMIFS(WL_Net,WL_Mat,$B60,WL_Space,$B$24)) | J60: =IF(OR($B60="",I60=""),"",G60*I60)
A61: تشطيبات الحوائط | B61: =IF('قوائم الخامات والبنود والوحدات'!$C$13="","",'قوائم الخامات والبنود والوحدات'!$C$13&"") -> كسوات خشبية | C61: =IF($B61="","",IF('قوائم الخامات والبنود والوحدات'!$D$13="","م²",'قوائم الخامات والبنود والوحدات'!$D$13)) -> م² | D61: =IF($B61="","",COUNTIF(WL_Mat,$B61)) -> 0 | E61: =IF($B61="","",SUMIFS(WL_Gross,WL_Mat,$B61)) -> 0 | F61: =IF($B61="","",SUMIFS(WL_Ded,WL_Mat,$B61)) -> 0 | G61: =IF($B61="","",SUMIFS(WL_Net,WL_Mat,$B61)) -> 0 | H61: =IF(OR($B61="",$B$24=""),"",SUMIFS(WL_Net,WL_Mat,$B61,WL_Space,$B$24)) | J61: =IF(OR($B61="",I61=""),"",G61*I61)
A62: تشطيبات الحوائط | B62: =IF('قوائم الخامات والبنود والوحدات'!$C$14="","",'قوائم الخامات والبنود والوحدات'!$C$14&"") -> كسوات حجرية | C62: =IF($B62="","",IF('قوائم الخامات والبنود والوحدات'!$D$14="","م²",'قوائم الخامات والبنود والوحدات'!$D$14)) -> م² | D62: =IF($B62="","",COUNTIF(WL_Mat,$B62)) -> 0 | E62: =IF($B62="","",SUMIFS(WL_Gross,WL_Mat,$B62)) -> 0 | F62: =IF($B62="","",SUMIFS(WL_Ded,WL_Mat,$B62)) -> 0 | G62: =IF($B62="","",SUMIFS(WL_Net,WL_Mat,$B62)) -> 0 | H62: =IF(OR($B62="",$B$24=""),"",SUMIFS(WL_Net,WL_Mat,$B62,WL_Space,$B$24)) | J62: =IF(OR($B62="",I62=""),"",G62*I62)
A63: تشطيبات الحوائط | B63: =IF('قوائم الخامات والبنود والوحدات'!$C$15="","",'قوائم الخامات والبنود والوحدات'!$C$15&"") -> ألواح وكسوات أخرى | C63: =IF($B63="","",IF('قوائم الخامات والبنود والوحدات'!$D$15="","م²",'قوائم الخامات والبنود والوحدات'!$D$15)) -> م² | D63: =IF($B63="","",COUNTIF(WL_Mat,$B63)) -> 0 | E63: =IF($B63="","",SUMIFS(WL_Gross,WL_Mat,$B63)) -> 0 | F63: =IF($B63="","",SUMIFS(WL_Ded,WL_Mat,$B63)) -> 0 | G63: =IF($B63="","",SUMIFS(WL_Net,WL_Mat,$B63)) -> 0 | H63: =IF(OR($B63="",$B$24=""),"",SUMIFS(WL_Net,WL_Mat,$B63,WL_Space,$B$24)) | J63: =IF(OR($B63="",I63=""),"",G63*I63)
A64: تشطيبات الحوائط | B64: =IF('قوائم الخامات والبنود والوحدات'!$C$16="","",'قوائم الخامات والبنود والوحدات'!$C$16&"") | C64: =IF($B64="","",IF('قوائم الخامات والبنود والوحدات'!$D$16="","م²",'قوائم الخامات والبنود والوحدات'!$D$16)) | D64: =IF($B64="","",COUNTIF(WL_Mat,$B64)) | E64: =IF($B64="","",SUMIFS(WL_Gross,WL_Mat,$B64)) | F64: =IF($B64="","",SUMIFS(WL_Ded,WL_Mat,$B64)) | G64: =IF($B64="","",SUMIFS(WL_Net,WL_Mat,$B64)) | H64: =IF(OR($B64="",$B$24=""),"",SUMIFS(WL_Net,WL_Mat,$B64,WL_Space,$B$24)) | J64: =IF(OR($B64="",I64=""),"",G64*I64)
A65: تشطيبات الحوائط | B65: =IF('قوائم الخامات والبنود والوحدات'!$C$17="","",'قوائم الخامات والبنود والوحدات'!$C$17&"") | C65: =IF($B65="","",IF('قوائم الخامات والبنود والوحدات'!$D$17="","م²",'قوائم الخامات والبنود والوحدات'!$D$17)) | D65: =IF($B65="","",COUNTIF(WL_Mat,$B65)) | E65: =IF($B65="","",SUMIFS(WL_Gross,WL_Mat,$B65)) | F65: =IF($B65="","",SUMIFS(WL_Ded,WL_Mat,$B65)) | G65: =IF($B65="","",SUMIFS(WL_Net,WL_Mat,$B65)) | H65: =IF(OR($B65="",$B$24=""),"",SUMIFS(WL_Net,WL_Mat,$B65,WL_Space,$B$24)) | J65: =IF(OR($B65="",I65=""),"",G65*I65)
A66: تشطيبات الحوائط | B66: =IF('قوائم الخامات والبنود والوحدات'!$C$18="","",'قوائم الخامات والبنود والوحدات'!$C$18&"") | C66: =IF($B66="","",IF('قوائم الخامات والبنود والوحدات'!$D$18="","م²",'قوائم الخامات والبنود والوحدات'!$D$18)) | D66: =IF($B66="","",COUNTIF(WL_Mat,$B66)) | E66: =IF($B66="","",SUMIFS(WL_Gross,WL_Mat,$B66)) | F66: =IF($B66="","",SUMIFS(WL_Ded,WL_Mat,$B66)) | G66: =IF($B66="","",SUMIFS(WL_Net,WL_Mat,$B66)) | H66: =IF(OR($B66="",$B$24=""),"",SUMIFS(WL_Net,WL_Mat,$B66,WL_Space,$B$24)) | J66: =IF(OR($B66="",I66=""),"",G66*I66)
A67: تشطيبات الحوائط | B67: =IF('قوائم الخامات والبنود والوحدات'!$C$19="","",'قوائم الخامات والبنود والوحدات'!$C$19&"") | C67: =IF($B67="","",IF('قوائم الخامات والبنود والوحدات'!$D$19="","م²",'قوائم الخامات والبنود والوحدات'!$D$19)) | D67: =IF($B67="","",COUNTIF(WL_Mat,$B67)) | E67: =IF($B67="","",SUMIFS(WL_Gross,WL_Mat,$B67)) | F67: =IF($B67="","",SUMIFS(WL_Ded,WL_Mat,$B67)) | G67: =IF($B67="","",SUMIFS(WL_Net,WL_Mat,$B67)) | H67: =IF(OR($B67="",$B$24=""),"",SUMIFS(WL_Net,WL_Mat,$B67,WL_Space,$B$24)) | J67: =IF(OR($B67="",I67=""),"",G67*I67)
A68: تشطيبات الحوائط | B68: =IF('قوائم الخامات والبنود والوحدات'!$C$20="","",'قوائم الخامات والبنود والوحدات'!$C$20&"") | C68: =IF($B68="","",IF('قوائم الخامات والبنود والوحدات'!$D$20="","م²",'قوائم الخامات والبنود والوحدات'!$D$20)) | D68: =IF($B68="","",COUNTIF(WL_Mat,$B68)) | E68: =IF($B68="","",SUMIFS(WL_Gross,WL_Mat,$B68)) | F68: =IF($B68="","",SUMIFS(WL_Ded,WL_Mat,$B68)) | G68: =IF($B68="","",SUMIFS(WL_Net,WL_Mat,$B68)) | H68: =IF(OR($B68="",$B$24=""),"",SUMIFS(WL_Net,WL_Mat,$B68,WL_Space,$B$24)) | J68: =IF(OR($B68="",I68=""),"",G68*I68)
A69: تشطيبات الحوائط | B69: =IF('قوائم الخامات والبنود والوحدات'!$C$21="","",'قوائم الخامات والبنود والوحدات'!$C$21&"") | C69: =IF($B69="","",IF('قوائم الخامات والبنود والوحدات'!$D$21="","م²",'قوائم الخامات والبنود والوحدات'!$D$21)) | D69: =IF($B69="","",COUNTIF(WL_Mat,$B69)) | E69: =IF($B69="","",SUMIFS(WL_Gross,WL_Mat,$B69)) | F69: =IF($B69="","",SUMIFS(WL_Ded,WL_Mat,$B69)) | G69: =IF($B69="","",SUMIFS(WL_Net,WL_Mat,$B69)) | H69: =IF(OR($B69="",$B$24=""),"",SUMIFS(WL_Net,WL_Mat,$B69,WL_Space,$B$24)) | J69: =IF(OR($B69="",I69=""),"",G69*I69)
A70: تشطيبات الحوائط | B70: =IF('قوائم الخامات والبنود والوحدات'!$C$22="","",'قوائم الخامات والبنود والوحدات'!$C$22&"") | C70: =IF($B70="","",IF('قوائم الخامات والبنود والوحدات'!$D$22="","م²",'قوائم الخامات والبنود والوحدات'!$D$22)) | D70: =IF($B70="","",COUNTIF(WL_Mat,$B70)) | E70: =IF($B70="","",SUMIFS(WL_Gross,WL_Mat,$B70)) | F70: =IF($B70="","",SUMIFS(WL_Ded,WL_Mat,$B70)) | G70: =IF($B70="","",SUMIFS(WL_Net,WL_Mat,$B70)) | H70: =IF(OR($B70="",$B$24=""),"",SUMIFS(WL_Net,WL_Mat,$B70,WL_Space,$B$24)) | J70: =IF(OR($B70="",I70=""),"",G70*I70)
A71: تشطيبات الحوائط | B71: =IF('قوائم الخامات والبنود والوحدات'!$C$23="","",'قوائم الخامات والبنود والوحدات'!$C$23&"") | C71: =IF($B71="","",IF('قوائم الخامات والبنود والوحدات'!$D$23="","م²",'قوائم الخامات والبنود والوحدات'!$D$23)) | D71: =IF($B71="","",COUNTIF(WL_Mat,$B71)) | E71: =IF($B71="","",SUMIFS(WL_Gross,WL_Mat,$B71)) | F71: =IF($B71="","",SUMIFS(WL_Ded,WL_Mat,$B71)) | G71: =IF($B71="","",SUMIFS(WL_Net,WL_Mat,$B71)) | H71: =IF(OR($B71="",$B$24=""),"",SUMIFS(WL_Net,WL_Mat,$B71,WL_Space,$B$24)) | J71: =IF(OR($B71="",I71=""),"",G71*I71)
A72: تشطيبات الحوائط | B72: =IF('قوائم الخامات والبنود والوحدات'!$C$24="","",'قوائم الخامات والبنود والوحدات'!$C$24&"") | C72: =IF($B72="","",IF('قوائم الخامات والبنود والوحدات'!$D$24="","م²",'قوائم الخامات والبنود والوحدات'!$D$24)) | D72: =IF($B72="","",COUNTIF(WL_Mat,$B72)) | E72: =IF($B72="","",SUMIFS(WL_Gross,WL_Mat,$B72)) | F72: =IF($B72="","",SUMIFS(WL_Ded,WL_Mat,$B72)) | G72: =IF($B72="","",SUMIFS(WL_Net,WL_Mat,$B72)) | H72: =IF(OR($B72="",$B$24=""),"",SUMIFS(WL_Net,WL_Mat,$B72,WL_Space,$B$24)) | J72: =IF(OR($B72="",I72=""),"",G72*I72)
A73: تشطيبات الحوائط | B73: =IF('قوائم الخامات والبنود والوحدات'!$C$25="","",'قوائم الخامات والبنود والوحدات'!$C$25&"") | C73: =IF($B73="","",IF('قوائم الخامات والبنود والوحدات'!$D$25="","م²",'قوائم الخامات والبنود والوحدات'!$D$25)) | D73: =IF($B73="","",COUNTIF(WL_Mat,$B73)) | E73: =IF($B73="","",SUMIFS(WL_Gross,WL_Mat,$B73)) | F73: =IF($B73="","",SUMIFS(WL_Ded,WL_Mat,$B73)) | G73: =IF($B73="","",SUMIFS(WL_Net,WL_Mat,$B73)) | H73: =IF(OR($B73="",$B$24=""),"",SUMIFS(WL_Net,WL_Mat,$B73,WL_Space,$B$24)) | J73: =IF(OR($B73="",I73=""),"",G73*I73)
A74: تشطيبات الحوائط | B74: =IF('قوائم الخامات والبنود والوحدات'!$C$26="","",'قوائم الخامات والبنود والوحدات'!$C$26&"") | C74: =IF($B74="","",IF('قوائم الخامات والبنود والوحدات'!$D$26="","م²",'قوائم الخامات والبنود والوحدات'!$D$26)) | D74: =IF($B74="","",COUNTIF(WL_Mat,$B74)) | E74: =IF($B74="","",SUMIFS(WL_Gross,WL_Mat,$B74)) | F74: =IF($B74="","",SUMIFS(WL_Ded,WL_Mat,$B74)) | G74: =IF($B74="","",SUMIFS(WL_Net,WL_Mat,$B74)) | H74: =IF(OR($B74="",$B$24=""),"",SUMIFS(WL_Net,WL_Mat,$B74,WL_Space,$B$24)) | J74: =IF(OR($B74="",I74=""),"",G74*I74)
A75: تشطيبات الحوائط | B75: =IF('قوائم الخامات والبنود والوحدات'!$C$27="","",'قوائم الخامات والبنود والوحدات'!$C$27&"") | C75: =IF($B75="","",IF('قوائم الخامات والبنود والوحدات'!$D$27="","م²",'قوائم الخامات والبنود والوحدات'!$D$27)) | D75: =IF($B75="","",COUNTIF(WL_Mat,$B75)) | E75: =IF($B75="","",SUMIFS(WL_Gross,WL_Mat,$B75)) | F75: =IF($B75="","",SUMIFS(WL_Ded,WL_Mat,$B75)) | G75: =IF($B75="","",SUMIFS(WL_Net,WL_Mat,$B75)) | H75: =IF(OR($B75="",$B$24=""),"",SUMIFS(WL_Net,WL_Mat,$B75,WL_Space,$B$24)) | J75: =IF(OR($B75="",I75=""),"",G75*I75)
A76: تشطيبات الحوائط | B76: =IF('قوائم الخامات والبنود والوحدات'!$C$28="","",'قوائم الخامات والبنود والوحدات'!$C$28&"") | C76: =IF($B76="","",IF('قوائم الخامات والبنود والوحدات'!$D$28="","م²",'قوائم الخامات والبنود والوحدات'!$D$28)) | D76: =IF($B76="","",COUNTIF(WL_Mat,$B76)) | E76: =IF($B76="","",SUMIFS(WL_Gross,WL_Mat,$B76)) | F76: =IF($B76="","",SUMIFS(WL_Ded,WL_Mat,$B76)) | G76: =IF($B76="","",SUMIFS(WL_Net,WL_Mat,$B76)) | H76: =IF(OR($B76="",$B$24=""),"",SUMIFS(WL_Net,WL_Mat,$B76,WL_Space,$B$24)) | J76: =IF(OR($B76="",I76=""),"",G76*I76)
A77: الوزرات والبنود الطولية | B77: =IF('قوائم الخامات والبنود والوحدات'!$E$4="","",'قوائم الخامات والبنود والوحدات'!$E$4&"") -> وزرات سيراميك | C77: =IF($B77="","",IF('قوائم الخامات والبنود والوحدات'!$F$4="","م.ط",'قوائم الخامات والبنود والوحدات'!$F$4)) -> م.ط | D77: =IF($B77="","",COUNTIF(LN_Mat,$B77)) -> 0 | E77: =IF($B77="","",SUMIFS(LN_Gross,LN_Mat,$B77)) -> 0 | F77: =IF($B77="","",SUMIFS(LN_Ded,LN_Mat,$B77)) -> 0 | G77: =IF($B77="","",SUMIFS(LN_Net,LN_Mat,$B77)) -> 0 | H77: =IF(OR($B77="",$B$24=""),"",SUMIFS(LN_Net,LN_Mat,$B77,LN_Space,$B$24)) | J77: =IF(OR($B77="",I77=""),"",G77*I77)
A78: الوزرات والبنود الطولية | B78: =IF('قوائم الخامات والبنود والوحدات'!$E$5="","",'قوائم الخامات والبنود والوحدات'!$E$5&"") -> وزرات بورسلين | C78: =IF($B78="","",IF('قوائم الخامات والبنود والوحدات'!$F$5="","م.ط",'قوائم الخامات والبنود والوحدات'!$F$5)) -> م.ط | D78: =IF($B78="","",COUNTIF(LN_Mat,$B78)) -> 0 | E78: =IF($B78="","",SUMIFS(LN_Gross,LN_Mat,$B78)) -> 0 | F78: =IF($B78="","",SUMIFS(LN_Ded,LN_Mat,$B78)) -> 0 | G78: =IF($B78="","",SUMIFS(LN_Net,LN_Mat,$B78)) -> 0 | H78: =IF(OR($B78="",$B$24=""),"",SUMIFS(LN_Net,LN_Mat,$B78,LN_Space,$B$24)) | J78: =IF(OR($B78="",I78=""),"",G78*I78)
A79: الوزرات والبنود الطولية | B79: =IF('قوائم الخامات والبنود والوحدات'!$E$6="","",'قوائم الخامات والبنود والوحدات'!$E$6&"") -> وزرات رخام | C79: =IF($B79="","",IF('قوائم الخامات والبنود والوحدات'!$F$6="","م.ط",'قوائم الخامات والبنود والوحدات'!$F$6)) -> م.ط | D79: =IF($B79="","",COUNTIF(LN_Mat,$B79)) -> 0 | E79: =IF($B79="","",SUMIFS(LN_Gross,LN_Mat,$B79)) -> 0 | F79: =IF($B79="","",SUMIFS(LN_Ded,LN_Mat,$B79)) -> 0 | G79: =IF($B79="","",SUMIFS(LN_Net,LN_Mat,$B79)) -> 0 | H79: =IF(OR($B79="",$B$24=""),"",SUMIFS(LN_Net,LN_Mat,$B79,LN_Space,$B$24)) | J79: =IF(OR($B79="",I79=""),"",G79*I79)
A80: الوزرات والبنود الطولية | B80: =IF('قوائم الخامات والبنود والوحدات'!$E$7="","",'قوائم الخامات والبنود والوحدات'!$E$7&"") -> وزرات جرانيت | C80: =IF($B80="","",IF('قوائم الخامات والبنود والوحدات'!$F$7="","م.ط",'قوائم الخامات والبنود والوحدات'!$F$7)) -> م.ط | D80: =IF($B80="","",COUNTIF(LN_Mat,$B80)) -> 0 | E80: =IF($B80="","",SUMIFS(LN_Gross,LN_Mat,$B80)) -> 0 | F80: =IF($B80="","",SUMIFS(LN_Ded,LN_Mat,$B80)) -> 0 | G80: =IF($B80="","",SUMIFS(LN_Net,LN_Mat,$B80)) -> 0 | H80: =IF(OR($B80="",$B$24=""),"",SUMIFS(LN_Net,LN_Mat,$B80,LN_Space,$B$24)) | J80: =IF(OR($B80="",I80=""),"",G80*I80)
A81: الوزرات والبنود الطولية | B81: =IF('قوائم الخامات والبنود والوحدات'!$E$8="","",'قوائم الخامات والبنود والوحدات'!$E$8&"") -> وزرات خشبية | C81: =IF($B81="","",IF('قوائم الخامات والبنود والوحدات'!$F$8="","م.ط",'قوائم الخامات والبنود والوحدات'!$F$8)) -> م.ط | D81: =IF($B81="","",COUNTIF(LN_Mat,$B81)) -> 0 | E81: =IF($B81="","",SUMIFS(LN_Gross,LN_Mat,$B81)) -> 0 | F81: =IF($B81="","",SUMIFS(LN_Ded,LN_Mat,$B81)) -> 0 | G81: =IF($B81="","",SUMIFS(LN_Net,LN_Mat,$B81)) -> 0 | H81: =IF(OR($B81="",$B$24=""),"",SUMIFS(LN_Net,LN_Mat,$B81,LN_Space,$B$24)) | J81: =IF(OR($B81="",I81=""),"",G81*I81)
A82: الوزرات والبنود الطولية | B82: =IF('قوائم الخامات والبنود والوحدات'!$E$9="","",'قوائم الخامات والبنود والوحدات'!$E$9&"") -> نعلات رخام | C82: =IF($B82="","",IF('قوائم الخامات والبنود والوحدات'!$F$9="","م.ط",'قوائم الخامات والبنود والوحدات'!$F$9)) -> م.ط | D82: =IF($B82="","",COUNTIF(LN_Mat,$B82)) -> 0 | E82: =IF($B82="","",SUMIFS(LN_Gross,LN_Mat,$B82)) -> 0 | F82: =IF($B82="","",SUMIFS(LN_Ded,LN_Mat,$B82)) -> 0 | G82: =IF($B82="","",SUMIFS(LN_Net,LN_Mat,$B82)) -> 0 | H82: =IF(OR($B82="",$B$24=""),"",SUMIFS(LN_Net,LN_Mat,$B82,LN_Space,$B$24)) | J82: =IF(OR($B82="",I82=""),"",G82*I82)
A83: الوزرات والبنود الطولية | B83: =IF('قوائم الخامات والبنود والوحدات'!$E$10="","",'قوائم الخامات والبنود والوحدات'!$E$10&"") -> نعلات جرانيت | C83: =IF($B83="","",IF('قوائم الخامات والبنود والوحدات'!$F$10="","م.ط",'قوائم الخامات والبنود والوحدات'!$F$10)) -> م.ط | D83: =IF($B83="","",COUNTIF(LN_Mat,$B83)) -> 0 | E83: =IF($B83="","",SUMIFS(LN_Gross,LN_Mat,$B83)) -> 0 | F83: =IF($B83="","",SUMIFS(LN_Ded,LN_Mat,$B83)) -> 0 | G83: =IF($B83="","",SUMIFS(LN_Net,LN_Mat,$B83)) -> 0 | H83: =IF(OR($B83="",$B$24=""),"",SUMIFS(LN_Net,LN_Mat,$B83,LN_Space,$B$24)) | J83: =IF(OR($B83="",I83=""),"",G83*I83)
A84: الوزرات والبنود الطولية | B84: =IF('قوائم الخامات والبنود والوحدات'!$E$11="","",'قوائم الخامات والبنود والوحدات'!$E$11&"") -> نعلات أخرى | C84: =IF($B84="","",IF('قوائم الخامات والبنود والوحدات'!$F$11="","م.ط",'قوائم الخامات والبنود والوحدات'!$F$11)) -> م.ط | D84: =IF($B84="","",COUNTIF(LN_Mat,$B84)) -> 0 | E84: =IF($B84="","",SUMIFS(LN_Gross,LN_Mat,$B84)) -> 0 | F84: =IF($B84="","",SUMIFS(LN_Ded,LN_Mat,$B84)) -> 0 | G84: =IF($B84="","",SUMIFS(LN_Net,LN_Mat,$B84)) -> 0 | H84: =IF(OR($B84="",$B$24=""),"",SUMIFS(LN_Net,LN_Mat,$B84,LN_Space,$B$24)) | J84: =IF(OR($B84="",I84=""),"",G84*I84)
A85: الوزرات والبنود الطولية | B85: =IF('قوائم الخامات والبنود والوحدات'!$E$12="","",'قوائم الخامات والبنود والوحدات'!$E$12&"") -> رخام كعنصر طولي | C85: =IF($B85="","",IF('قوائم الخامات والبنود والوحدات'!$F$12="","م.ط",'قوائم الخامات والبنود والوحدات'!$F$12)) -> م.ط | D85: =IF($B85="","",COUNTIF(LN_Mat,$B85)) -> 0 | E85: =IF($B85="","",SUMIFS(LN_Gross,LN_Mat,$B85)) -> 0 | F85: =IF($B85="","",SUMIFS(LN_Ded,LN_Mat,$B85)) -> 0 | G85: =IF($B85="","",SUMIFS(LN_Net,LN_Mat,$B85)) -> 0 | H85: =IF(OR($B85="",$B$24=""),"",SUMIFS(LN_Net,LN_Mat,$B85,LN_Space,$B$24)) | J85: =IF(OR($B85="",I85=""),"",G85*I85)
A86: الوزرات والبنود الطولية | B86: =IF('قوائم الخامات والبنود والوحدات'!$E$13="","",'قوائم الخامات والبنود والوحدات'!$E$13&"") -> فواصل انتقال بين الأرضيات | C86: =IF($B86="","",IF('قوائم الخامات والبنود والوحدات'!$F$13="","م.ط",'قوائم الخامات والبنود والوحدات'!$F$13)) -> م.ط | D86: =IF($B86="","",COUNTIF(LN_Mat,$B86)) -> 0 | E86: =IF($B86="","",SUMIFS(LN_Gross,LN_Mat,$B86)) -> 0 | F86: =IF($B86="","",SUMIFS(LN_Ded,LN_Mat,$B86)) -> 0 | G86: =IF($B86="","",SUMIFS(LN_Net,LN_Mat,$B86)) -> 0 | H86: =IF(OR($B86="",$B$24=""),"",SUMIFS(LN_Net,LN_Mat,$B86,LN_Space,$B$24)) | J86: =IF(OR($B86="",I86=""),"",G86*I86)
A87: الوزرات والبنود الطولية | B87: =IF('قوائم الخامات والبنود والوحدات'!$E$14="","",'قوائم الخامات والبنود والوحدات'!$E$14&"") -> شرائح ستانلس ستيل | C87: =IF($B87="","",IF('قوائم الخامات والبنود والوحدات'!$F$14="","م.ط",'قوائم الخامات والبنود والوحدات'!$F$14)) -> م.ط | D87: =IF($B87="","",COUNTIF(LN_Mat,$B87)) -> 0 | E87: =IF($B87="","",SUMIFS(LN_Gross,LN_Mat,$B87)) -> 0 | F87: =IF($B87="","",SUMIFS(LN_Ded,LN_Mat,$B87)) -> 0 | G87: =IF($B87="","",SUMIFS(LN_Net,LN_Mat,$B87)) -> 0 | H87: =IF(OR($B87="",$B$24=""),"",SUMIFS(LN_Net,LN_Mat,$B87,LN_Space,$B$24)) | J87: =IF(OR($B87="",I87=""),"",G87*I87)
A88: الوزرات والبنود الطولية | B88: =IF('قوائم الخامات والبنود والوحدات'!$E$15="","",'قوائم الخامات والبنود والوحدات'!$E$15&"") -> نائمة درج | C88: =IF($B88="","",IF('قوائم الخامات والبنود والوحدات'!$F$15="","م.ط",'قوائم الخامات والبنود والوحدات'!$F$15)) -> م.ط | D88: =IF($B88="","",COUNTIF(LN_Mat,$B88)) -> 0 | E88: =IF($B88="","",SUMIFS(LN_Gross,LN_Mat,$B88)) -> 0 | F88: =IF($B88="","",SUMIFS(LN_Ded,LN_Mat,$B88)) -> 0 | G88: =IF($B88="","",SUMIFS(LN_Net,LN_Mat,$B88)) -> 0 | H88: =IF(OR($B88="",$B$24=""),"",SUMIFS(LN_Net,LN_Mat,$B88,LN_Space,$B$24)) | J88: =IF(OR($B88="",I88=""),"",G88*I88)
A89: الوزرات والبنود الطولية | B89: =IF('قوائم الخامات والبنود والوحدات'!$E$16="","",'قوائم الخامات والبنود والوحدات'!$E$16&"") -> قائمة درج | C89: =IF($B89="","",IF('قوائم الخامات والبنود والوحدات'!$F$16="","م.ط",'قوائم الخامات والبنود والوحدات'!$F$16)) -> م.ط | D89: =IF($B89="","",COUNTIF(LN_Mat,$B89)) -> 0 | E89: =IF($B89="","",SUMIFS(LN_Gross,LN_Mat,$B89)) -> 0 | F89: =IF($B89="","",SUMIFS(LN_Ded,LN_Mat,$B89)) -> 0 | G89: =IF($B89="","",SUMIFS(LN_Net,LN_Mat,$B89)) -> 0 | H89: =IF(OR($B89="",$B$24=""),"",SUMIFS(LN_Net,LN_Mat,$B89,LN_Space,$B$24)) | J89: =IF(OR($B89="",I89=""),"",G89*I89)
A90: الوزرات والبنود الطولية | B90: =IF('قوائم الخامات والبنود والوحدات'!$E$17="","",'قوائم الخامات والبنود والوحدات'!$E$17&"") -> وزرة درج | C90: =IF($B90="","",IF('قوائم الخامات والبنود والوحدات'!$F$17="","م.ط",'قوائم الخامات والبنود والوحدات'!$F$17)) -> م.ط | D90: =IF($B90="","",COUNTIF(LN_Mat,$B90)) -> 0 | E90: =IF($B90="","",SUMIFS(LN_Gross,LN_Mat,$B90)) -> 0 | F90: =IF($B90="","",SUMIFS(LN_Ded,LN_Mat,$B90)) -> 0 | G90: =IF($B90="","",SUMIFS(LN_Net,LN_Mat,$B90)) -> 0 | H90: =IF(OR($B90="",$B$24=""),"",SUMIFS(LN_Net,LN_Mat,$B90,LN_Space,$B$24)) | J90: =IF(OR($B90="",I90=""),"",G90*I90)
A91: الوزرات والبنود الطولية | B91: =IF('قوائم الخامات والبنود والوحدات'!$E$18="","",'قوائم الخامات والبنود والوحدات'!$E$18&"") -> زوايا ستانلس للحوائط | C91: =IF($B91="","",IF('قوائم الخامات والبنود والوحدات'!$F$18="","م.ط",'قوائم الخامات والبنود والوحدات'!$F$18)) -> م.ط | D91: =IF($B91="","",COUNTIF(LN_Mat,$B91)) -> 0 | E91: =IF($B91="","",SUMIFS(LN_Gross,LN_Mat,$B91)) -> 0 | F91: =IF($B91="","",SUMIFS(LN_Ded,LN_Mat,$B91)) -> 0 | G91: =IF($B91="","",SUMIFS(LN_Net,LN_Mat,$B91)) -> 0 | H91: =IF(OR($B91="",$B$24=""),"",SUMIFS(LN_Net,LN_Mat,$B91,LN_Space,$B$24)) | J91: =IF(OR($B91="",I91=""),"",G91*I91)
A92: الوزرات والبنود الطولية | B92: =IF('قوائم الخامات والبنود والوحدات'!$E$19="","",'قوائم الخامات والبنود والوحدات'!$E$19&"") | C92: =IF($B92="","",IF('قوائم الخامات والبنود والوحدات'!$F$19="","م.ط",'قوائم الخامات والبنود والوحدات'!$F$19)) | D92: =IF($B92="","",COUNTIF(LN_Mat,$B92)) | E92: =IF($B92="","",SUMIFS(LN_Gross,LN_Mat,$B92)) | F92: =IF($B92="","",SUMIFS(LN_Ded,LN_Mat,$B92)) | G92: =IF($B92="","",SUMIFS(LN_Net,LN_Mat,$B92)) | H92: =IF(OR($B92="",$B$24=""),"",SUMIFS(LN_Net,LN_Mat,$B92,LN_Space,$B$24)) | J92: =IF(OR($B92="",I92=""),"",G92*I92)
A93: الوزرات والبنود الطولية | B93: =IF('قوائم الخامات والبنود والوحدات'!$E$20="","",'قوائم الخامات والبنود والوحدات'!$E$20&"") | C93: =IF($B93="","",IF('قوائم الخامات والبنود والوحدات'!$F$20="","م.ط",'قوائم الخامات والبنود والوحدات'!$F$20)) | D93: =IF($B93="","",COUNTIF(LN_Mat,$B93)) | E93: =IF($B93="","",SUMIFS(LN_Gross,LN_Mat,$B93)) | F93: =IF($B93="","",SUMIFS(LN_Ded,LN_Mat,$B93)) | G93: =IF($B93="","",SUMIFS(LN_Net,LN_Mat,$B93)) | H93: =IF(OR($B93="",$B$24=""),"",SUMIFS(LN_Net,LN_Mat,$B93,LN_Space,$B$24)) | J93: =IF(OR($B93="",I93=""),"",G93*I93)
A94: الوزرات والبنود الطولية | B94: =IF('قوائم الخامات والبنود والوحدات'!$E$21="","",'قوائم الخامات والبنود والوحدات'!$E$21&"") | C94: =IF($B94="","",IF('قوائم الخامات والبنود والوحدات'!$F$21="","م.ط",'قوائم الخامات والبنود والوحدات'!$F$21)) | D94: =IF($B94="","",COUNTIF(LN_Mat,$B94)) | E94: =IF($B94="","",SUMIFS(LN_Gross,LN_Mat,$B94)) | F94: =IF($B94="","",SUMIFS(LN_Ded,LN_Mat,$B94)) | G94: =IF($B94="","",SUMIFS(LN_Net,LN_Mat,$B94)) | H94: =IF(OR($B94="",$B$24=""),"",SUMIFS(LN_Net,LN_Mat,$B94,LN_Space,$B$24)) | J94: =IF(OR($B94="",I94=""),"",G94*I94)
A95: الوزرات والبنود الطولية | B95: =IF('قوائم الخامات والبنود والوحدات'!$E$22="","",'قوائم الخامات والبنود والوحدات'!$E$22&"") | C95: =IF($B95="","",IF('قوائم الخامات والبنود والوحدات'!$F$22="","م.ط",'قوائم الخامات والبنود والوحدات'!$F$22)) | D95: =IF($B95="","",COUNTIF(LN_Mat,$B95)) | E95: =IF($B95="","",SUMIFS(LN_Gross,LN_Mat,$B95)) | F95: =IF($B95="","",SUMIFS(LN_Ded,LN_Mat,$B95)) | G95: =IF($B95="","",SUMIFS(LN_Net,LN_Mat,$B95)) | H95: =IF(OR($B95="",$B$24=""),"",SUMIFS(LN_Net,LN_Mat,$B95,LN_Space,$B$24)) | J95: =IF(OR($B95="",I95=""),"",G95*I95)
A96: الوزرات والبنود الطولية | B96: =IF('قوائم الخامات والبنود والوحدات'!$E$23="","",'قوائم الخامات والبنود والوحدات'!$E$23&"") | C96: =IF($B96="","",IF('قوائم الخامات والبنود والوحدات'!$F$23="","م.ط",'قوائم الخامات والبنود والوحدات'!$F$23)) | D96: =IF($B96="","",COUNTIF(LN_Mat,$B96)) | E96: =IF($B96="","",SUMIFS(LN_Gross,LN_Mat,$B96)) | F96: =IF($B96="","",SUMIFS(LN_Ded,LN_Mat,$B96)) | G96: =IF($B96="","",SUMIFS(LN_Net,LN_Mat,$B96)) | H96: =IF(OR($B96="",$B$24=""),"",SUMIFS(LN_Net,LN_Mat,$B96,LN_Space,$B$24)) | J96: =IF(OR($B96="",I96=""),"",G96*I96)
A97: الوزرات والبنود الطولية | B97: =IF('قوائم الخامات والبنود والوحدات'!$E$24="","",'قوائم الخامات والبنود والوحدات'!$E$24&"") | C97: =IF($B97="","",IF('قوائم الخامات والبنود والوحدات'!$F$24="","م.ط",'قوائم الخامات والبنود والوحدات'!$F$24)) | D97: =IF($B97="","",COUNTIF(LN_Mat,$B97)) | E97: =IF($B97="","",SUMIFS(LN_Gross,LN_Mat,$B97)) | F97: =IF($B97="","",SUMIFS(LN_Ded,LN_Mat,$B97)) | G97: =IF($B97="","",SUMIFS(LN_Net,LN_Mat,$B97)) | H97: =IF(OR($B97="",$B$24=""),"",SUMIFS(LN_Net,LN_Mat,$B97,LN_Space,$B$24)) | J97: =IF(OR($B97="",I97=""),"",G97*I97)
A98: الوزرات والبنود الطولية | B98: =IF('قوائم الخامات والبنود والوحدات'!$E$25="","",'قوائم الخامات والبنود والوحدات'!$E$25&"") | C98: =IF($B98="","",IF('قوائم الخامات والبنود والوحدات'!$F$25="","م.ط",'قوائم الخامات والبنود والوحدات'!$F$25)) | D98: =IF($B98="","",COUNTIF(LN_Mat,$B98)) | E98: =IF($B98="","",SUMIFS(LN_Gross,LN_Mat,$B98)) | F98: =IF($B98="","",SUMIFS(LN_Ded,LN_Mat,$B98)) | G98: =IF($B98="","",SUMIFS(LN_Net,LN_Mat,$B98)) | H98: =IF(OR($B98="",$B$24=""),"",SUMIFS(LN_Net,LN_Mat,$B98,LN_Space,$B$24)) | J98: =IF(OR($B98="",I98=""),"",G98*I98)
A99: الوزرات والبنود الطولية | B99: =IF('قوائم الخامات والبنود والوحدات'!$E$26="","",'قوائم الخامات والبنود والوحدات'!$E$26&"") | C99: =IF($B99="","",IF('قوائم الخامات والبنود والوحدات'!$F$26="","م.ط",'قوائم الخامات والبنود والوحدات'!$F$26)) | D99: =IF($B99="","",COUNTIF(LN_Mat,$B99)) | E99: =IF($B99="","",SUMIFS(LN_Gross,LN_Mat,$B99)) | F99: =IF($B99="","",SUMIFS(LN_Ded,LN_Mat,$B99)) | G99: =IF($B99="","",SUMIFS(LN_Net,LN_Mat,$B99)) | H99: =IF(OR($B99="",$B$24=""),"",SUMIFS(LN_Net,LN_Mat,$B99,LN_Space,$B$24)) | J99: =IF(OR($B99="",I99=""),"",G99*I99)
A100: الوزرات والبنود الطولية | B100: =IF('قوائم الخامات والبنود والوحدات'!$E$27="","",'قوائم الخامات والبنود والوحدات'!$E$27&"") | C100: =IF($B100="","",IF('قوائم الخامات والبنود والوحدات'!$F$27="","م.ط",'قوائم الخامات والبنود والوحدات'!$F$27)) | D100: =IF($B100="","",COUNTIF(LN_Mat,$B100)) | E100: =IF($B100="","",SUMIFS(LN_Gross,LN_Mat,$B100)) | F100: =IF($B100="","",SUMIFS(LN_Ded,LN_Mat,$B100)) | G100: =IF($B100="","",SUMIFS(LN_Net,LN_Mat,$B100)) | H100: =IF(OR($B100="",$B$24=""),"",SUMIFS(LN_Net,LN_Mat,$B100,LN_Space,$B$24)) | J100: =IF(OR($B100="",I100=""),"",G100*I100)
A101: الوزرات والبنود الطولية | B101: =IF('قوائم الخامات والبنود والوحدات'!$E$28="","",'قوائم الخامات والبنود والوحدات'!$E$28&"") | C101: =IF($B101="","",IF('قوائم الخامات والبنود والوحدات'!$F$28="","م.ط",'قوائم الخامات والبنود والوحدات'!$F$28)) | D101: =IF($B101="","",COUNTIF(LN_Mat,$B101)) | E101: =IF($B101="","",SUMIFS(LN_Gross,LN_Mat,$B101)) | F101: =IF($B101="","",SUMIFS(LN_Ded,LN_Mat,$B101)) | G101: =IF($B101="","",SUMIFS(LN_Net,LN_Mat,$B101)) | H101: =IF(OR($B101="",$B$24=""),"",SUMIFS(LN_Net,LN_Mat,$B101,LN_Space,$B$24)) | J101: =IF(OR($B101="",I101=""),"",G101*I101)
A102: الأسقف | B102: =IF('قوائم الخامات والبنود والوحدات'!$G$4="","",'قوائم الخامات والبنود والوحدات'!$G$4&"") -> دهانات أسقف | C102: =IF($B102="","",IF('قوائم الخامات والبنود والوحدات'!$H$4="","م²",'قوائم الخامات والبنود والوحدات'!$H$4)) -> م² | D102: =IF($B102="","",COUNTIF(CL_Mat,$B102)) -> 0 | E102: =IF($B102="","",SUMIFS(CL_Gross,CL_Mat,$B102)) -> 0 | F102: =IF($B102="","",0) -> 0 | G102: =IF($B102="","",SUMIFS(CL_Net,CL_Mat,$B102)) -> 0 | H102: =IF(OR($B102="",$B$24=""),"",SUMIFS(CL_Net,CL_Mat,$B102,CL_Space,$B$24)) | J102: =IF(OR($B102="",I102=""),"",G102*I102)
A103: الأسقف | B103: =IF('قوائم الخامات والبنود والوحدات'!$G$5="","",'قوائم الخامات والبنود والوحدات'!$G$5&"") -> سقف جبس بورد | C103: =IF($B103="","",IF('قوائم الخامات والبنود والوحدات'!$H$5="","م²",'قوائم الخامات والبنود والوحدات'!$H$5)) -> م² | D103: =IF($B103="","",COUNTIF(CL_Mat,$B103)) -> 0 | E103: =IF($B103="","",SUMIFS(CL_Gross,CL_Mat,$B103)) -> 0 | F103: =IF($B103="","",0) -> 0 | G103: =IF($B103="","",SUMIFS(CL_Net,CL_Mat,$B103)) -> 0 | H103: =IF(OR($B103="",$B$24=""),"",SUMIFS(CL_Net,CL_Mat,$B103,CL_Space,$B$24)) | J103: =IF(OR($B103="",I103=""),"",G103*I103)
...

Sheet تقرير الدور
A1: تقرير حصر كميات التشطيبات
A2: =IF($B$3="","اختر الدور من الخانة الصفراء","الدور: "&$B$3) -> اختر الدور من الخانة الصفراء | M2: الأرضيات | N2: ='ملخص الكميات حسب البند والخامة'!$B$27&"" -> سيراميك أرضيات | O2: ='ملخص الكميات حسب البند والخامة'!$C$27&"" -> م² | P2: =IF(OR(N2="",$B$3=""),0,SUMPRODUCT(SUMIFS(FL_Gross,FL_Mat,N2,FL_Space,SpaceCodes)*(SpaceLevels=$B$3))) -> 0 | Q2: =0 -> 0 | R2: =IF(OR(N2="",$B$3=""),0,SUMPRODUCT(SUMIFS(FL_Net,FL_Mat,N2,FL_Space,SpaceCodes)*(SpaceLevels=$B$3))) -> 0 | S2: 1
A3: اختر الدور ← | C3: تُختار من القائمة فيتحدّث التقرير كله تلقائيًا | M3: الأرضيات | N3: ='ملخص الكميات حسب البند والخامة'!$B$28&"" -> بورسلين | O3: ='ملخص الكميات حسب البند والخامة'!$C$28&"" -> م² | P3: =IF(OR(N3="",$B$3=""),0,SUMPRODUCT(SUMIFS(FL_Gross,FL_Mat,N3,FL_Space,SpaceCodes)*(SpaceLevels=$B$3))) -> 0 | Q3: =0 -> 0 | R3: =IF(OR(N3="",$B$3=""),0,SUMPRODUCT(SUMIFS(FL_Net,FL_Mat,N3,FL_Space,SpaceCodes)*(SpaceLevels=$B$3))) -> 0 | S3: 2
M4: الأرضيات | N4: ='ملخص الكميات حسب البند والخامة'!$B$29&"" -> رخام | O4: ='ملخص الكميات حسب البند والخامة'!$C$29&"" -> م² | P4: =IF(OR(N4="",$B$3=""),0,SUMPRODUCT(SUMIFS(FL_Gross,FL_Mat,N4,FL_Space,SpaceCodes)*(SpaceLevels=$B$3))) -> 0 | Q4: =0 -> 0 | R4: =IF(OR(N4="",$B$3=""),0,SUMPRODUCT(SUMIFS(FL_Net,FL_Mat,N4,FL_Space,SpaceCodes)*(SpaceLevels=$B$3))) -> 0 | S4: 3
A5: المشروع | B5: ='بيانات المشروع'!$B$3&"" | D5: الموقع | E5: ='بيانات المشروع'!$B$5&"" | G5: القائم بالحصر | H5: ='بيانات المشروع'!$B$7&"" | M5: الأرضيات | N5: ='ملخص الكميات حسب البند والخامة'!$B$30&"" -> جرانيت | O5: ='ملخص الكميات حسب البند والخامة'!$C$30&"" -> م² | P5: =IF(OR(N5="",$B$3=""),0,SUMPRODUCT(SUMIFS(FL_Gross,FL_Mat,N5,FL_Space,SpaceCodes)*(SpaceLevels=$B$3))) -> 0 | Q5: =0 -> 0 | R5: =IF(OR(N5="",$B$3=""),0,SUMPRODUCT(SUMIFS(FL_Net,FL_Mat,N5,FL_Space,SpaceCodes)*(SpaceLevels=$B$3))) -> 0 | S5: 4
A6: تاريخ الحصر | B6: =IF('بيانات المشروع'!$B$6="","",TEXT('بيانات المشروع'!$B$6,"yyyy-mm-dd")) | D6: عدد الفراغات | E6: =IF($B$3="","",COUNTIF(SpaceLevels,$B$3)) | G6: حالة التقرير | H6: =IF($B$3="","",IF(SUMIFS('ملخص الكميات حسب الفراغ'!$R$4:$R$153,'ملخص الكميات حسب الفراغ'!$D$4:$D$153,$B$3)>0,"مبدئي — "&SUMIFS('ملخص الكميات حسب الفراغ'!$R$4:$R$153,'ملخص الكميات حسب الفراغ'!$D$4:$D$153,$B$3)&" بنود تُراجع","نهائي")) | M6: الأرضيات | N6: ='ملخص الكميات حسب البند والخامة'!$B$31&"" -> موزايكو | O6: ='ملخص الكميات حسب البند والخامة'!$C$31&"" -> م² | P6: =IF(OR(N6="",$B$3=""),0,SUMPRODUCT(SUMIFS(FL_Gross,FL_Mat,N6,FL_Space,SpaceCodes)*(SpaceLevels=$B$3))) -> 0 | Q6: =0 -> 0 | R6: =IF(OR(N6="",$B$3=""),0,SUMPRODUCT(SUMIFS(FL_Net,FL_Mat,N6,FL_Space,SpaceCodes)*(SpaceLevels=$B$3))) -> 0 | S6: 5
M7: الأرضيات | N7: ='ملخص الكميات حسب البند والخامة'!$B$32&"" -> تيرازو | O7: ='ملخص الكميات حسب البند والخامة'!$C$32&"" -> م² | P7: =IF(OR(N7="",$B$3=""),0,SUMPRODUCT(SUMIFS(FL_Gross,FL_Mat,N7,FL_Space,SpaceCodes)*(SpaceLevels=$B$3))) -> 0 | Q7: =0 -> 0 | R7: =IF(OR(N7="",$B$3=""),0,SUMPRODUCT(SUMIFS(FL_Net,FL_Mat,N7,FL_Space,SpaceCodes)*(SpaceLevels=$B$3))) -> 0 | S7: 6
A8: أولًا: إجماليات الدور حسب البند | M8: الأرضيات | N8: ='ملخص الكميات حسب البند والخامة'!$B$33&"" -> باركيه | O8: ='ملخص الكميات حسب البند والخامة'!$C$33&"" -> م² | P8: =IF(OR(N8="",$B$3=""),0,SUMPRODUCT(SUMIFS(FL_Gross,FL_Mat,N8,FL_Space,SpaceCodes)*(SpaceLevels=$B$3))) -> 0 | Q8: =0 -> 0 | R8: =IF(OR(N8="",$B$3=""),0,SUMPRODUCT(SUMIFS(FL_Net,FL_Mat,N8,FL_Space,SpaceCodes)*(SpaceLevels=$B$3))) -> 0 | S8: 7
A9: البند | C9: الوحدة | D9: الإجمالي | F9: الخصومات | H9: الصافي | M9: الأرضيات | N9: ='ملخص الكميات حسب البند والخامة'!$B$34&"" -> فينيل | O9: ='ملخص الكميات حسب البند والخامة'!$C$34&"" -> م² | P9: =IF(OR(N9="",$B$3=""),0,SUMPRODUCT(SUMIFS(FL_Gross,FL_Mat,N9,FL_Space,SpaceCodes)*(SpaceLevels=$B$3))) -> 0 | Q9: =0 -> 0 | R9: =IF(OR(N9="",$B$3=""),0,SUMPRODUCT(SUMIFS(FL_Net,FL_Mat,N9,FL_Space,SpaceCodes)*(SpaceLevels=$B$3))) -> 0 | S9: 8
A10: الأرضيات | C10: م² | D10: =SUMIFS('ملخص الكميات حسب الفراغ'!$E$4:$E$153,'ملخص الكميات حسب الفراغ'!$D$4:$D$153,$B$3) -> 0 | F10: =0 -> 0 | H10: =SUMIFS('ملخص الكميات حسب الفراغ'!$E$4:$E$153,'ملخص الكميات حسب الفراغ'!$D$4:$D$153,$B$3) -> 0 | M10: الأرضيات | N10: ='ملخص الكميات حسب البند والخامة'!$B$35&"" -> موكيت | O10: ='ملخص الكميات حسب البند والخامة'!$C$35&"" -> م² | P10: =IF(OR(N10="",$B$3=""),0,SUMPRODUCT(SUMIFS(FL_Gross,FL_Mat,N10,FL_Space,SpaceCodes)*(SpaceLevels=$B$3))) -> 0 | Q10: =0 -> 0 | R10: =IF(OR(N10="",$B$3=""),0,SUMPRODUCT(SUMIFS(FL_Net,FL_Mat,N10,FL_Space,SpaceCodes)*(SpaceLevels=$B$3))) -> 0 | S10: 9
A11: تشطيبات الحوائط | C11: م² | D11: =SUMIFS('ملخص الكميات حسب الفراغ'!$F$4:$F$153,'ملخص الكميات حسب الفراغ'!$D$4:$D$153,$B$3) -> 0 | F11: =SUMIFS('ملخص الكميات حسب الفراغ'!$G$4:$G$153,'ملخص الكميات حسب الفراغ'!$D$4:$D$153,$B$3) -> 0 | H11: =SUMIFS('ملخص الكميات حسب الفراغ'!$H$4:$H$153,'ملخص الكميات حسب الفراغ'!$D$4:$D$153,$B$3) -> 0 | M11: الأرضيات | N11: ='ملخص الكميات حسب البند والخامة'!$B$36&"" -> أرضيات إيبوكسي | O11: ='ملخص الكميات حسب البند والخامة'!$C$36&"" -> م² | P11: =IF(OR(N11="",$B$3=""),0,SUMPRODUCT(SUMIFS(FL_Gross,FL_Mat,N11,FL_Space,SpaceCodes)*(SpaceLevels=$B$3))) -> 0 | Q11: =0 -> 0 | R11: =IF(OR(N11="",$B$3=""),0,SUMPRODUCT(SUMIFS(FL_Net,FL_Mat,N11,FL_Space,SpaceCodes)*(SpaceLevels=$B$3))) -> 0 | S11: 10
A12: الأسقف | C12: م² | D12: =SUMIFS('ملخص الكميات حسب الفراغ'!$I$4:$I$153,'ملخص الكميات حسب الفراغ'!$D$4:$D$153,$B$3) -> 0 | F12: =0 -> 0 | H12: =SUMIFS('ملخص الكميات حسب الفراغ'!$I$4:$I$153,'ملخص الكميات حسب الفراغ'!$D$4:$D$153,$B$3) -> 0 | M12: الأرضيات | N12: ='ملخص الكميات حسب البند والخامة'!$B$37&"" | O12: ='ملخص الكميات حسب البند والخامة'!$C$37&"" | P12: =IF(OR(N12="",$B$3=""),0,SUMPRODUCT(SUMIFS(FL_Gross,FL_Mat,N12,FL_Space,SpaceCodes)*(SpaceLevels=$B$3))) -> 0 | Q12: =0 -> 0 | R12: =IF(OR(N12="",$B$3=""),0,SUMPRODUCT(SUMIFS(FL_Net,FL_Mat,N12,FL_Space,SpaceCodes)*(SpaceLevels=$B$3))) -> 0 | S12: 11
A13: اللياسة والمحارة | C13: م² | D13: =SUMIFS('ملخص الكميات حسب الفراغ'!$J$4:$J$153,'ملخص الكميات حسب الفراغ'!$D$4:$D$153,$B$3) -> 0 | F13: =SUMIFS('ملخص الكميات حسب الفراغ'!$K$4:$K$153,'ملخص الكميات حسب الفراغ'!$D$4:$D$153,$B$3) -> 0 | H13: =SUMIFS('ملخص الكميات حسب الفراغ'!$L$4:$L$153,'ملخص الكميات حسب الفراغ'!$D$4:$D$153,$B$3) -> 0 | M13: الأرضيات | N13: ='ملخص الكميات حسب البند والخامة'!$B$38&"" | O13: ='ملخص الكميات حسب البند والخامة'!$C$38&"" | P13: =IF(OR(N13="",$B$3=""),0,SUMPRODUCT(SUMIFS(FL_Gross,FL_Mat,N13,FL_Space,SpaceCodes)*(SpaceLevels=$B$3))) -> 0 | Q13: =0 -> 0 | R13: =IF(OR(N13="",$B$3=""),0,SUMPRODUCT(SUMIFS(FL_Net,FL_Mat,N13,FL_Space,SpaceCodes)*(SpaceLevels=$B$3))) -> 0 | S13: 12
A14: الوزرات والبنود الطولية | C14: م.ط | D14: =SUMIFS('ملخص الكميات حسب الفراغ'!$M$4:$M$153,'ملخص الكميات حسب الفراغ'!$D$4:$D$153,$B$3) -> 0 | F14: =SUMIFS('ملخص الكميات حسب الفراغ'!$N$4:$N$153,'ملخص الكميات حسب الفراغ'!$D$4:$D$153,$B$3) -> 0 | H14: =SUMIFS('ملخص الكميات حسب الفراغ'!$O$4:$O$153,'ملخص الكميات حسب الفراغ'!$D$4:$D$153,$B$3) -> 0 | M14: الأرضيات | N14: ='ملخص الكميات حسب البند والخامة'!$B$39&"" | O14: ='ملخص الكميات حسب البند والخامة'!$C$39&"" | P14: =IF(OR(N14="",$B$3=""),0,SUMPRODUCT(SUMIFS(FL_Gross,FL_Mat,N14,FL_Space,SpaceCodes)*(SpaceLevels=$B$3))) -> 0 | Q14: =0 -> 0 | R14: =IF(OR(N14="",$B$3=""),0,SUMPRODUCT(SUMIFS(FL_Net,FL_Mat,N14,FL_Space,SpaceCodes)*(SpaceLevels=$B$3))) -> 0 | S14: 13
A15: ثانيًا: كميات الدور حسب البند والخامة | M15: الأرضيات | N15: ='ملخص الكميات حسب البند والخامة'!$B$40&"" | O15: ='ملخص الكميات حسب البند والخامة'!$C$40&"" | P15: =IF(OR(N15="",$B$3=""),0,SUMPRODUCT(SUMIFS(FL_Gross,FL_Mat,N15,FL_Space,SpaceCodes)*(SpaceLevels=$B$3))) -> 0 | Q15: =0 -> 0 | R15: =IF(OR(N15="",$B$3=""),0,SUMPRODUCT(SUMIFS(FL_Net,FL_Mat,N15,FL_Space,SpaceCodes)*(SpaceLevels=$B$3))) -> 0 | S15: 14
A16: البند | B16: الخامة / النوع | E16: الوحدة | F16: الإجمالي | G16: الخصومات | H16: الصافي | M16: الأرضيات | N16: ='ملخص الكميات حسب البند والخامة'!$B$41&"" | O16: ='ملخص الكميات حسب البند والخامة'!$C$41&"" | P16: =IF(OR(N16="",$B$3=""),0,SUMPRODUCT(SUMIFS(FL_Gross,FL_Mat,N16,FL_Space,SpaceCodes)*(SpaceLevels=$B$3))) -> 0 | Q16: =0 -> 0 | R16: =IF(OR(N16="",$B$3=""),0,SUMPRODUCT(SUMIFS(FL_Net,FL_Mat,N16,FL_Space,SpaceCodes)*(SpaceLevels=$B$3))) -> 0 | S16: 15
A17: =IFERROR(INDEX($M$2:$M$126,_xlfn.AGGREGATE(15,6,$S$2:$S$126/($P$2:$P$126>0),1)),"") | B17: =IF($A17="","",INDEX($N$2:$N$126,_xlfn.AGGREGATE(15,6,$S$2:$S$126/($P$2:$P$126>0),1))) | E17: =IF($A17="","",INDEX($O$2:$O$126,_xlfn.AGGREGATE(15,6,$S$2:$S$126/($P$2:$P$126>0),1))) | F17: =IF($A17="","",INDEX($P$2:$P$126,_xlfn.AGGREGATE(15,6,$S$2:$S$126/($P$2:$P$126>0),1))) | G17: =IF($A17="","",INDEX($Q$2:$Q$126,_xlfn.AGGREGATE(15,6,$S$2:$S$126/($P$2:$P$126>0),1))) | H17: =IF($A17="","",INDEX($R$2:$R$126,_xlfn.AGGREGATE(15,6,$S$2:$S$126/($P$2:$P$126>0),1))) | M17: الأرضيات | N17: ='ملخص الكميات حسب البند والخامة'!$B$42&"" | O17: ='ملخص الكميات حسب البند والخامة'!$C$42&"" | P17: =IF(OR(N17="",$B$3=""),0,SUMPRODUCT(SUMIFS(FL_Gross,FL_Mat,N17,FL_Space,SpaceCodes)*(SpaceLevels=$B$3))) -> 0 | Q17: =0 -> 0 | R17: =IF(OR(N17="",$B$3=""),0,SUMPRODUCT(SUMIFS(FL_Net,FL_Mat,N17,FL_Space,SpaceCodes)*(SpaceLevels=$B$3))) -> 0 | S17: 16
A18: =IFERROR(INDEX($M$2:$M$126,_xlfn.AGGREGATE(15,6,$S$2:$S$126/($P$2:$P$126>0),2)),"") | B18: =IF($A18="","",INDEX($N$2:$N$126,_xlfn.AGGREGATE(15,6,$S$2:$S$126/($P$2:$P$126>0),2))) | E18: =IF($A18="","",INDEX($O$2:$O$126,_xlfn.AGGREGATE(15,6,$S$2:$S$126/($P$2:$P$126>0),2))) | F18: =IF($A18="","",INDEX($P$2:$P$126,_xlfn.AGGREGATE(15,6,$S$2:$S$126/($P$2:$P$126>0),2))) | G18: =IF($A18="","",INDEX($Q$2:$Q$126,_xlfn.AGGREGATE(15,6,$S$2:$S$126/($P$2:$P$126>0),2))) | H18: =IF($A18="","",INDEX($R$2:$R$126,_xlfn.AGGREGATE(15,6,$S$2:$S$126/($P$2:$P$126>0),2))) | M18: الأرضيات | N18: ='ملخص الكميات حسب البند والخامة'!$B$43&"" | O18: ='ملخص الكميات حسب البند والخامة'!$C$43&"" | P18: =IF(OR(N18="",$B$3=""),0,SUMPRODUCT(SUMIFS(FL_Gross,FL_Mat,N18,FL_Space,SpaceCodes)*(SpaceLevels=$B$3))) -> 0 | Q18: =0 -> 0 | R18: =IF(OR(N18="",$B$3=""),0,SUMPRODUCT(SUMIFS(FL_Net,FL_Mat,N18,FL_Space,SpaceCodes)*(SpaceLevels=$B$3))) -> 0 | S18: 17
A19: =IFERROR(INDEX($M$2:$M$126,_xlfn.AGGREGATE(15,6,$S$2:$S$126/($P$2:$P$126>0),3)),"") | B19: =IF($A19="","",INDEX($N$2:$N$126,_xlfn.AGGREGATE(15,6,$S$2:$S$126/($P$2:$P$126>0),3))) | E19: =IF($A19="","",INDEX($O$2:$O$126,_xlfn.AGGREGATE(15,6,$S$2:$S$126/($P$2:$P$126>0),3))) | F19: =IF($A19="","",INDEX($P$2:$P$126,_xlfn.AGGREGATE(15,6,$S$2:$S$126/($P$2:$P$126>0),3))) | G19: =IF($A19="","",INDEX($Q$2:$Q$126,_xlfn.AGGREGATE(15,6,$S$2:$S$126/($P$2:$P$126>0),3))) | H19: =IF($A19="","",INDEX($R$2:$R$126,_xlfn.AGGREGATE(15,6,$S$2:$S$126/($P$2:$P$126>0),3))) | M19: الأرضيات | N19: ='ملخص الكميات حسب البند والخامة'!$B$44&"" | O19: ='ملخص الكميات حسب البند والخامة'!$C$44&"" | P19: =IF(OR(N19="",$B$3=""),0,SUMPRODUCT(SUMIFS(FL_Gross,FL_Mat,N19,FL_Space,SpaceCodes)*(SpaceLevels=$B$3))) -> 0 | Q19: =0 -> 0 | R19: =IF(OR(N19="",$B$3=""),0,SUMPRODUCT(SUMIFS(FL_Net,FL_Mat,N19,FL_Space,SpaceCodes)*(SpaceLevels=$B$3))) -> 0 | S19: 18
A20: =IFERROR(INDEX($M$2:$M$126,_xlfn.AGGREGATE(15,6,$S$2:$S$126/($P$2:$P$126>0),4)),"") | B20: =IF($A20="","",INDEX($N$2:$N$126,_xlfn.AGGREGATE(15,6,$S$2:$S$126/($P$2:$P$126>0),4))) | E20: =IF($A20="","",INDEX($O$2:$O$126,_xlfn.AGGREGATE(15,6,$S$2:$S$126/($P$2:$P$126>0),4))) | F20: =IF($A20="","",INDEX($P$2:$P$126,_xlfn.AGGREGATE(15,6,$S$2:$S$126/($P$2:$P$126>0),4))) | G20: =IF($A20="","",INDEX($Q$2:$Q$126,_xlfn.AGGREGATE(15,6,$S$2:$S$126/($P$2:$P$126>0),4))) | H20: =IF($A20="","",INDEX($R$2:$R$126,_xlfn.AGGREGATE(15,6,$S$2:$S$126/($P$2:$P$126>0),4))) | M20: الأرضيات | N20: ='ملخص الكميات حسب البند والخامة'!$B$45&"" | O20: ='ملخص الكميات حسب البند والخامة'!$C$45&"" | P20: =IF(OR(N20="",$B$3=""),0,SUMPRODUCT(SUMIFS(FL_Gross,FL_Mat,N20,FL_Space,SpaceCodes)*(SpaceLevels=$B$3))) -> 0 | Q20: =0 -> 0 | R20: =IF(OR(N20="",$B$3=""),0,SUMPRODUCT(SUMIFS(FL_Net,FL_Mat,N20,FL_Space,SpaceCodes)*(SpaceLevels=$B$3))) -> 0 | S20: 19
A21: =IFERROR(INDEX($M$2:$M$126,_xlfn.AGGREGATE(15,6,$S$2:$S$126/($P$2:$P$126>0),5)),"") | B21: =IF($A21="","",INDEX($N$2:$N$126,_xlfn.AGGREGATE(15,6,$S$2:$S$126/($P$2:$P$126>0),5))) | E21: =IF($A21="","",INDEX($O$2:$O$126,_xlfn.AGGREGATE(15,6,$S$2:$S$126/($P$2:$P$126>0),5))) | F21: =IF($A21="","",INDEX($P$2:$P$126,_xlfn.AGGREGATE(15,6,$S$2:$S$126/($P$2:$P$126>0),5))) | G21: =IF($A21="","",INDEX($Q$2:$Q$126,_xlfn.AGGREGATE(15,6,$S$2:$S$126/($P$2:$P$126>0),5))) | H21: =IF($A21="","",INDEX($R$2:$R$126,_xlfn.AGGREGATE(15,6,$S$2:$S$126/($P$2:$P$126>0),5))) | M21: الأرضيات | N21: ='ملخص الكميات حسب البند والخامة'!$B$46&"" | O21: ='ملخص الكميات حسب البند والخامة'!$C$46&"" | P21: =IF(OR(N21="",$B$3=""),0,SUMPRODUCT(SUMIFS(FL_Gross,FL_Mat,N21,FL_Space,SpaceCodes)*(SpaceLevels=$B$3))) -> 0 | Q21: =0 -> 0 | R21: =IF(OR(N21="",$B$3=""),0,SUMPRODUCT(SUMIFS(FL_Net,FL_Mat,N21,FL_Space,SpaceCodes)*(SpaceLevels=$B$3))) -> 0 | S21: 20
A22: =IFERROR(INDEX($M$2:$M$126,_xlfn.AGGREGATE(15,6,$S$2:$S$126/($P$2:$P$126>0),6)),"") | B22: =IF($A22="","",INDEX($N$2:$N$126,_xlfn.AGGREGATE(15,6,$S$2:$S$126/($P$2:$P$126>0),6))) | E22: =IF($A22="","",INDEX($O$2:$O$126,_xlfn.AGGREGATE(15,6,$S$2:$S$126/($P$2:$P$126>0),6))) | F22: =IF($A22="","",INDEX($P$2:$P$126,_xlfn.AGGREGATE(15,6,$S$2:$S$126/($P$2:$P$126>0),6))) | G22: =IF($A22="","",INDEX($Q$2:$Q$126,_xlfn.AGGREGATE(15,6,$S$2:$S$126/($P$2:$P$126>0),6))) | H22: =IF($A22="","",INDEX($R$2:$R$126,_xlfn.AGGREGATE(15,6,$S$2:$S$126/($P$2:$P$126>0),6))) | M22: الأرضيات | N22: ='ملخص الكميات حسب البند والخامة'!$B$47&"" | O22: ='ملخص الكميات حسب البند والخامة'!$C$47&"" | P22: =IF(OR(N22="",$B$3=""),0,SUMPRODUCT(SUMIFS(FL_Gross,FL_Mat,N22,FL_Space,SpaceCodes)*(SpaceLevels=$B$3))) -> 0 | Q22: =0 -> 0 | R22: =IF(OR(N22="",$B$3=""),0,SUMPRODUCT(SUMIFS(FL_Net,FL_Mat,N22,FL_Space,SpaceCodes)*(SpaceLevels=$B$3))) -> 0 | S22: 21
A23: =IFERROR(INDEX($M$2:$M$126,_xlfn.AGGREGATE(15,6,$S$2:$S$126/($P$2:$P$126>0),7)),"") | B23: =IF($A23="","",INDEX($N$2:$N$126,_xlfn.AGGREGATE(15,6,$S$2:$S$126/($P$2:$P$126>0),7))) | E23: =IF($A23="","",INDEX($O$2:$O$126,_xlfn.AGGREGATE(15,6,$S$2:$S$126/($P$2:$P$126>0),7))) | F23: =IF($A23="","",INDEX($P$2:$P$126,_xlfn.AGGREGATE(15,6,$S$2:$S$126/($P$2:$P$126>0),7))) | G23: =IF($A23="","",INDEX($Q$2:$Q$126,_xlfn.AGGREGATE(15,6,$S$2:$S$126/($P$2:$P$126>0),7))) | H23: =IF($A23="","",INDEX($R$2:$R$126,_xlfn.AGGREGATE(15,6,$S$2:$S$126/($P$2:$P$126>0),7))) | M23: الأرضيات | N23: ='ملخص الكميات حسب البند والخامة'!$B$48&"" | O23: ='ملخص الكميات حسب البند والخامة'!$C$48&"" | P23: =IF(OR(N23="",$B$3=""),0,SUMPRODUCT(SUMIFS(FL_Gross,FL_Mat,N23,FL_Space,SpaceCodes)*(SpaceLevels=$B$3))) -> 0 | Q23: =0 -> 0 | R23: =IF(OR(N23="",$B$3=""),0,SUMPRODUCT(SUMIFS(FL_Net,FL_Mat,N23,FL_Space,SpaceCodes)*(SpaceLevels=$B$3))) -> 0 | S23: 22
A24: =IFERROR(INDEX($M$2:$M$126,_xlfn.AGGREGATE(15,6,$S$2:$S$126/($P$2:$P$126>0),8)),"") | B24: =IF($A24="","",INDEX($N$2:$N$126,_xlfn.AGGREGATE(15,6,$S$2:$S$126/($P$2:$P$126>0),8))) | E24: =IF($A24="","",INDEX($O$2:$O$126,_xlfn.AGGREGATE(15,6,$S$2:$S$126/($P$2:$P$126>0),8))) | F24: =IF($A24="","",INDEX($P$2:$P$126,_xlfn.AGGREGATE(15,6,$S$2:$S$126/($P$2:$P$126>0),8))) | G24: =IF($A24="","",INDEX($Q$2:$Q$126,_xlfn.AGGREGATE(15,6,$S$2:$S$126/($P$2:$P$126>0),8))) | H24: =IF($A24="","",INDEX($R$2:$R$126,_xlfn.AGGREGATE(15,6,$S$2:$S$126/($P$2:$P$126>0),8))) | M24: الأرضيات | N24: ='ملخص الكميات حسب البند والخامة'!$B$49&"" | O24: ='ملخص الكميات حسب البند والخامة'!$C$49&"" | P24: =IF(OR(N24="",$B$3=""),0,SUMPRODUCT(SUMIFS(FL_Gross,FL_Mat,N24,FL_Space,SpaceCodes)*(SpaceLevels=$B$3))) -> 0 | Q24: =0 -> 0 | R24: =IF(OR(N24="",$B$3=""),0,SUMPRODUCT(SUMIFS(FL_Net,FL_Mat,N24,FL_Space,SpaceCodes)*(SpaceLevels=$B$3))) -> 0 | S24: 23
A25: =IFERROR(INDEX($M$2:$M$126,_xlfn.AGGREGATE(15,6,$S$2:$S$126/($P$2:$P$126>0),9)),"") | B25: =IF($A25="","",INDEX($N$2:$N$126,_xlfn.AGGREGATE(15,6,$S$2:$S$126/($P$2:$P$126>0),9))) | E25: =IF($A25="","",INDEX($O$2:$O$126,_xlfn.AGGREGATE(15,6,$S$2:$S$126/($P$2:$P$126>0),9))) | F25: =IF($A25="","",INDEX($P$2:$P$126,_xlfn.AGGREGATE(15,6,$S$2:$S$126/($P$2:$P$126>0),9))) | G25: =IF($A25="","",INDEX($Q$2:$Q$126,_xlfn.AGGREGATE(15,6,$S$2:$S$126/($P$2:$P$126>0),9))) | H25: =IF($A25="","",INDEX($R$2:$R$126,_xlfn.AGGREGATE(15,6,$S$2:$S$126/($P$2:$P$126>0),9))) | M25: الأرضيات | N25: ='ملخص الكميات حسب البند والخامة'!$B$50&"" | O25: ='ملخص الكميات حسب البند والخامة'!$C$50&"" | P25: =IF(OR(N25="",$B$3=""),0,SUMPRODUCT(SUMIFS(FL_Gross,FL_Mat,N25,FL_Space,SpaceCodes)*(SpaceLevels=$B$3))) -> 0 | Q25: =0 -> 0 | R25: =IF(OR(N25="",$B$3=""),0,SUMPRODUCT(SUMIFS(FL_Net,FL_Mat,N25,FL_Space,SpaceCodes)*(SpaceLevels=$B$3))) -> 0 | S25: 24
A26: =IFERROR(INDEX($M$2:$M$126,_xlfn.AGGREGATE(15,6,$S$2:$S$126/($P$2:$P$126>0),10)),"") | B26: =IF($A26="","",INDEX($N$2:$N$126,_xlfn.AGGREGATE(15,6,$S$2:$S$126/($P$2:$P$126>0),10))) | E26: =IF($A26="","",INDEX($O$2:$O$126,_xlfn.AGGREGATE(15,6,$S$2:$S$126/($P$2:$P$126>0),10))) | F26: =IF($A26="","",INDEX($P$2:$P$126,_xlfn.AGGREGATE(15,6,$S$2:$S$126/($P$2:$P$126>0),10))) | G26: =IF($A26="","",INDEX($Q$2:$Q$126,_xlfn.AGGREGATE(15,6,$S$2:$S$126/($P$2:$P$126>0),10))) | H26: =IF($A26="","",INDEX($R$2:$R$126,_xlfn.AGGREGATE(15,6,$S$2:$S$126/($P$2:$P$126>0),10))) | M26: الأرضيات | N26: ='ملخص الكميات حسب البند والخامة'!$B$51&"" | O26: ='ملخص الكميات حسب البند والخامة'!$C$51&"" | P26: =IF(OR(N26="",$B$3=""),0,SUMPRODUCT(SUMIFS(FL_Gross,FL_Mat,N26,FL_Space,SpaceCodes)*(SpaceLevels=$B$3))) -> 0 | Q26: =0 -> 0 | R26: =IF(OR(N26="",$B$3=""),0,SUMPRODUCT(SUMIFS(FL_Net,FL_Mat,N26,FL_Space,SpaceCodes)*(SpaceLevels=$B$3))) -> 0 | S26: 25
A27: =IFERROR(INDEX($M$2:$M$126,_xlfn.AGGREGATE(15,6,$S$2:$S$126/($P$2:$P$126>0),11)),"") | B27: =IF($A27="","",INDEX($N$2:$N$126,_xlfn.AGGREGATE(15,6,$S$2:$S$126/($P$2:$P$126>0),11))) | E27: =IF($A27="","",INDEX($O$2:$O$126,_xlfn.AGGREGATE(15,6,$S$2:$S$126/($P$2:$P$126>0),11))) | F27: =IF($A27="","",INDEX($P$2:$P$126,_xlfn.AGGREGATE(15,6,$S$2:$S$126/($P$2:$P$126>0),11))) | G27: =IF($A27="","",INDEX($Q$2:$Q$126,_xlfn.AGGREGATE(15,6,$S$2:$S$126/($P$2:$P$126>0),11))) | H27: =IF($A27="","",INDEX($R$2:$R$126,_xlfn.AGGREGATE(15,6,$S$2:$S$126/($P$2:$P$126>0),11))) | M27: تشطيبات الحوائط | N27: ='ملخص الكميات حسب البند والخامة'!$B$52&"" -> سيراميك حوائط الحمامات | O27: ='ملخص الكميات حسب البند والخامة'!$C$52&"" -> م² | P27: =IF(OR(N27="",$B$3=""),0,SUMPRODUCT(SUMIFS(WL_Gross,WL_Mat,N27,WL_Space,SpaceCodes)*(SpaceLevels=$B$3))) -> 0 | Q27: =IF(OR(N27="",$B$3=""),0,SUMPRODUCT(SUMIFS(WL_Ded,WL_Mat,N27,WL_Space,SpaceCodes)*(SpaceLevels=$B$3))) -> 0 | R27: =IF(OR(N27="",$B$3=""),0,SUMPRODUCT(SUMIFS(WL_Net,WL_Mat,N27,WL_Space,SpaceCodes)*(SpaceLevels=$B$3))) -> 0 | S27: 26
A28: =IFERROR(INDEX($M$2:$M$126,_xlfn.AGGREGATE(15,6,$S$2:$S$126/($P$2:$P$126>0),12)),"") | B28: =IF($A28="","",INDEX($N$2:$N$126,_xlfn.AGGREGATE(15,6,$S$2:$S$126/($P$2:$P$126>0),12))) | E28: =IF($A28="","",INDEX($O$2:$O$126,_xlfn.AGGREGATE(15,6,$S$2:$S$126/($P$2:$P$126>0),12))) | F28: =IF($A28="","",INDEX($P$2:$P$126,_xlfn.AGGREGATE(15,6,$S$2:$S$126/($P$2:$P$126>0),12))) | G28: =IF($A28="","",INDEX($Q$2:$Q$126,_xlfn.AGGREGATE(15,6,$S$2:$S$126/($P$2:$P$126>0),12))) | H28: =IF($A28="","",INDEX($R$2:$R$126,_xlfn.AGGREGATE(15,6,$S$2:$S$126/($P$2:$P$126>0),12))) | M28: تشطيبات الحوائط | N28: ='ملخص الكميات حسب البند والخامة'!$B$53&"" -> سيراميك حوائط المطابخ | O28: ='ملخص الكميات حسب البند والخامة'!$C$53&"" -> م² | P28: =IF(OR(N28="",$B$3=""),0,SUMPRODUCT(SUMIFS(WL_Gross,WL_Mat,N28,WL_Space,SpaceCodes)*(SpaceLevels=$B$3))) -> 0 | Q28: =IF(OR(N28="",$B$3=""),0,SUMPRODUCT(SUMIFS(WL_Ded,WL_Mat,N28,WL_Space,SpaceCodes)*(SpaceLevels=$B$3))) -> 0 | R28: =IF(OR(N28="",$B$3=""),0,SUMPRODUCT(SUMIFS(WL_Net,WL_Mat,N28,WL_Space,SpaceCodes)*(SpaceLevels=$B$3))) -> 0 | S28: 27
A29: =IFERROR(INDEX($M$2:$M$126,_xlfn.AGGREGATE(15,6,$S$2:$S$126/($P$2:$P$126>0),13)),"") | B29: =IF($A29="","",INDEX($N$2:$N$126,_xlfn.AGGREGATE(15,6,$S$2:$S$126/($P$2:$P$126>0),13))) | E29: =IF($A29="","",INDEX($O$2:$O$126,_xlfn.AGGREGATE(15,6,$S$2:$S$126/($P$2:$P$126>0),13))) | F29: =IF($A29="","",INDEX($P$2:$P$126,_xlfn.AGGREGATE(15,6,$S$2:$S$126/($P$2:$P$126>0),13))) | G29: =IF($A29="","",INDEX($Q$2:$Q$126,_xlfn.AGGREGATE(15,6,$S$2:$S$126/($P$2:$P$126>0),13))) | H29: =IF($A29="","",INDEX($R$2:$R$126,_xlfn.AGGREGATE(15,6,$S$2:$S$126/($P$2:$P$126>0),13))) | M29: تشطيبات الحوائط | N29: ='ملخص الكميات حسب البند والخامة'!$B$54&"" -> سيراميك حوائط عادي | O29: ='ملخص الكميات حسب البند والخامة'!$C$54&"" -> م² | P29: =IF(OR(N29="",$B$3=""),0,SUMPRODUCT(SUMIFS(WL_Gross,WL_Mat,N29,WL_Space,SpaceCodes)*(SpaceLevels=$B$3))) -> 0 | Q29: =IF(OR(N29="",$B$3=""),0,SUMPRODUCT(SUMIFS(WL_Ded,WL_Mat,N29,WL_Space,SpaceCodes)*(SpaceLevels=$B$3))) -> 0 | R29: =IF(OR(N29="",$B$3=""),0,SUMPRODUCT(SUMIFS(WL_Net,WL_Mat,N29,WL_Space,SpaceCodes)*(SpaceLevels=$B$3))) -> 0 | S29: 28
A30: =IFERROR(INDEX($M$2:$M$126,_xlfn.AGGREGATE(15,6,$S$2:$S$126/($P$2:$P$126>0),14)),"") | B30: =IF($A30="","",INDEX($N$2:$N$126,_xlfn.AGGREGATE(15,6,$S$2:$S$126/($P$2:$P$126>0),14))) | E30: =IF($A30="","",INDEX($O$2:$O$126,_xlfn.AGGREGATE(15,6,$S$2:$S$126/($P$2:$P$126>0),14))) | F30: =IF($A30="","",INDEX($P$2:$P$126,_xlfn.AGGREGATE(15,6,$S$2:$S$126/($P$2:$P$126>0),14))) | G30: =IF($A30="","",INDEX($Q$2:$Q$126,_xlfn.AGGREGATE(15,6,$S$2:$S$126/($P$2:$P$126>0),14))) | H30: =IF($A30="","",INDEX($R$2:$R$126,_xlfn.AGGREGATE(15,6,$S$2:$S$126/($P$2:$P$126>0),14))) | M30: تشطيبات الحوائط | N30: ='ملخص الكميات حسب البند والخامة'!$B$55&"" -> سيراميك حوائط ديكوري | O30: ='ملخص الكميات حسب البند والخامة'!$C$55&"" -> م² | P30: =IF(OR(N30="",$B$3=""),0,SUMPRODUCT(SUMIFS(WL_Gross,WL_Mat,N30,WL_Space,SpaceCodes)*(SpaceLevels=$B$3))) -> 0 | Q30: =IF(OR(N30="",$B$3=""),0,SUMPRODUCT(SUMIFS(WL_Ded,WL_Mat,N30,WL_Space,SpaceCodes)*(SpaceLevels=$B$3))) -> 0 | R30: =IF(OR(N30="",$B$3=""),0,SUMPRODUCT(SUMIFS(WL_Net,WL_Mat,N30,WL_Space,SpaceCodes)*(SpaceLevels=$B$3))) -> 0 | S30: 29
A31: =IFERROR(INDEX($M$2:$M$126,_xlfn.AGGREGATE(15,6,$S$2:$S$126/($P$2:$P$126>0),15)),"") | B31: =IF($A31="","",INDEX($N$2:$N$126,_xlfn.AGGREGATE(15,6,$S$2:$S$126/($P$2:$P$126>0),15))) | E31: =IF($A31="","",INDEX($O$2:$O$126,_xlfn.AGGREGATE(15,6,$S$2:$S$126/($P$2:$P$126>0),15))) | F31: =IF($A31="","",INDEX($P$2:$P$126,_xlfn.AGGREGATE(15,6,$S$2:$S$126/($P$2:$P$126>0),15))) | G31: =IF($A31="","",INDEX($Q$2:$Q$126,_xlfn.AGGREGATE(15,6,$S$2:$S$126/($P$2:$P$126>0),15))) | H31: =IF($A31="","",INDEX($R$2:$R$126,_xlfn.AGGREGATE(15,6,$S$2:$S$126/($P$2:$P$126>0),15))) | M31: تشطيبات الحوائط | N31: ='ملخص الكميات حسب البند والخامة'!$B$56&"" -> موزايكو حوائط | O31: ='ملخص الكميات حسب البند والخامة'!$C$56&"" -> م² | P31: =IF(OR(N31="",$B$3=""),0,SUMPRODUCT(SUMIFS(WL_Gross,WL_Mat,N31,WL_Space,SpaceCodes)*(SpaceLevels=$B$3))) -> 0 | Q31: =IF(OR(N31="",$B$3=""),0,SUMPRODUCT(SUMIFS(WL_Ded,WL_Mat,N31,WL_Space,SpaceCodes)*(SpaceLevels=$B$3))) -> 0 | R31: =IF(OR(N31="",$B$3=""),0,SUMPRODUCT(SUMIFS(WL_Net,WL_Mat,N31,WL_Space,SpaceCodes)*(SpaceLevels=$B$3))) -> 0 | S31: 30
A32: =IFERROR(INDEX($M$2:$M$126,_xlfn.AGGREGATE(15,6,$S$2:$S$126/($P$2:$P$126>0),16)),"") | B32: =IF($A32="","",INDEX($N$2:$N$126,_xlfn.AGGREGATE(15,6,$S$2:$S$126/($P$2:$P$126>0),16))) | E32: =IF($A32="","",INDEX($O$2:$O$126,_xlfn.AGGREGATE(15,6,$S$2:$S$126/($P$2:$P$126>0),16))) | F32: =IF($A32="","",INDEX($P$2:$P$126,_xlfn.AGGREGATE(15,6,$S$2:$S$126/($P$2:$P$126>0),16))) | G32: =IF($A32="","",INDEX($Q$2:$Q$126,_xlfn.AGGREGATE(15,6,$S$2:$S$126/($P$2:$P$126>0),16))) | H32: =IF($A32="","",INDEX($R$2:$R$126,_xlfn.AGGREGATE(15,6,$S$2:$S$126/($P$2:$P$126>0),16))) | M32: تشطيبات الحوائط | N32: ='ملخص الكميات حسب البند والخامة'!$B$57&"" -> رخام حوائط | O32: ='ملخص الكميات حسب البند والخامة'!$C$57&"" -> م² | P32: =IF(OR(N32="",$B$3=""),0,SUMPRODUCT(SUMIFS(WL_Gross,WL_Mat,N32,WL_Space,SpaceCodes)*(SpaceLevels=$B$3))) -> 0 | Q32: =IF(OR(N32="",$B$3=""),0,SUMPRODUCT(SUMIFS(WL_Ded,WL_Mat,N32,WL_Space,SpaceCodes)*(SpaceLevels=$B$3))) -> 0 | R32: =IF(OR(N32="",$B$3=""),0,SUMPRODUCT(SUMIFS(WL_Net,WL_Mat,N32,WL_Space,SpaceCodes)*(SpaceLevels=$B$3))) -> 0 | S32: 31
A33: =IFERROR(INDEX($M$2:$M$126,_xlfn.AGGREGATE(15,6,$S$2:$S$126/($P$2:$P$126>0),17)),"") | B33: =IF($A33="","",INDEX($N$2:$N$126,_xlfn.AGGREGATE(15,6,$S$2:$S$126/($P$2:$P$126>0),17))) | E33: =IF($A33="","",INDEX($O$2:$O$126,_xlfn.AGGREGATE(15,6,$S$2:$S$126/($P$2:$P$126>0),17))) | F33: =IF($A33="","",INDEX($P$2:$P$126,_xlfn.AGGREGATE(15,6,$S$2:$S$126/($P$2:$P$126>0),17))) | G33: =IF($A33="","",INDEX($Q$2:$Q$126,_xlfn.AGGREGATE(15,6,$S$2:$S$126/($P$2:$P$126>0),17))) | H33: =IF($A33="","",INDEX($R$2:$R$126,_xlfn.AGGREGATE(15,6,$S$2:$S$126/($P$2:$P$126>0),17))) | M33: تشطيبات الحوائط | N33: ='ملخص الكميات حسب البند والخامة'!$B$58&"" -> جرانيت حوائط | O33: ='ملخص الكميات حسب البند والخامة'!$C$58&"" -> م² | P33: =IF(OR(N33="",$B$3=""),0,SUMPRODUCT(SUMIFS(WL_Gross,WL_Mat,N33,WL_Space,SpaceCodes)*(SpaceLevels=$B$3))) -> 0 | Q33: =IF(OR(N33="",$B$3=""),0,SUMPRODUCT(SUMIFS(WL_Ded,WL_Mat,N33,WL_Space,SpaceCodes)*(SpaceLevels=$B$3))) -> 0 | R33: =IF(OR(N33="",$B$3=""),0,SUMPRODUCT(SUMIFS(WL_Net,WL_Mat,N33,WL_Space,SpaceCodes)*(SpaceLevels=$B$3))) -> 0 | S33: 32
